"year","age","years","AAV","present_value","real_salary"
2024,29,10,7e+07,7e+07,7e+06
2024,31,7,24571429,24571429,3510204.14285714
2024,30,5,1.9e+07,1.9e+07,3800000
2024,28,3,26666667,26666667,8888889
2024,31,4,2e+07,2e+07,5e+06
2024,34,3,2.5e+07,2.5e+07,8333333.33333333
2024,31,2,3.1e+07,3.1e+07,15500000
2024,31,3,1.8e+07,1.8e+07,6e+06
2024,30,3,1.5e+07,1.5e+07,5e+06
2024,34,3,1.5e+07,1.5e+07,5e+06
2024,27,4,1.1e+07,1.1e+07,2750000
2024,30,3,1.4e+07,1.4e+07,4666666.66666667
2024,32,3,1.4e+07,1.4e+07,4666666.66666667
2024,29,2,19250000,19250000,9625000
2024,33,2,18500000,18500000,9250000
2024,31,2,1.7e+07,1.7e+07,8500000
2024,31,3,1.1e+07,1.1e+07,3666666.66666667
2024,33,2,1.6e+07,1.6e+07,8e+06
2024,30,3,1e+07,1e+07,3333333.33333333
2024,32,2,1.4e+07,1.4e+07,7e+06
2024,33,2,1.3e+07,1.3e+07,6500000
2024,31,1,2.5e+07,2.5e+07,2.5e+07
2024,33,2,1.2e+07,1.2e+07,6e+06
2024,36,2,1.2e+07,1.2e+07,6e+06
2024,31,1,23500000,23500000,23500000
2024,29,2,1.1e+07,1.1e+07,5500000
2024,32,4,16500000,16500000,4125000
2024,31,1,1.6e+07,1.6e+07,1.6e+07
2024,33,2,8e+06,8e+06,4e+06
2024,29,2,7500000,7500000,3750000
2024,28,1,1.4e+07,1.4e+07,1.4e+07
2024,36,1,1.3e+07,1.3e+07,1.3e+07
2024,36,1,1.3e+07,1.3e+07,1.3e+07
2024,30,1,1.3e+07,1.3e+07,1.3e+07
2024,39,1,1.3e+07,1.3e+07,1.3e+07
2024,32,1,12500000,12500000,12500000
2024,30,2,6e+06,6e+06,3e+06
2024,36,1,8966565,8966565,8966565
2024,39,1,11500000,11500000,11500000
2024,37,1,1.1e+07,1.1e+07,1.1e+07
2024,30,1,10500000,10500000,10500000
2024,36,1,10500000,10500000,10500000
2024,34,1,10500000,10500000,10500000
2024,35,2,5e+06,5e+06,2500000
2024,36,2,5e+06,5e+06,2500000
2024,36,2,4500000,4500000,2250000
2024,34,1,9e+06,9e+06,9e+06
2024,35,1,9e+06,9e+06,9e+06
2024,37,1,8500000,8500000,8500000
2024,33,1,8500000,8500000,8500000
2024,33,2,4125000,4125000,2062500
2024,36,1,8e+06,8e+06,8e+06
2024,35,1,8e+06,8e+06,8e+06
2024,33,1,8e+06,8e+06,8e+06
2024,33,2,4e+06,4e+06,2e+06
2024,31,1,7e+06,7e+06,7e+06
2024,35,1,7e+06,7e+06,7e+06
2024,31,1,6500000,6500000,6500000
2024,29,1,6e+06,6e+06,6e+06
2024,34,1,5500000,5500000,5500000
2024,38,1,5250000,5250000,5250000
2024,31,1,5e+06,5e+06,5e+06
2024,30,1,5e+06,5e+06,5e+06
2024,37,1,5e+06,5e+06,5e+06
2024,34,1,5e+06,5e+06,5e+06
2024,34,1,4750000,4750000,4750000
2024,32,1,4500000,4500000,4500000
2024,32,1,4500000,4500000,4500000
2024,30,1,4500000,4500000,4500000
2024,34,1,4500000,4500000,4500000
2024,37,1,4500000,4500000,4500000
2024,37,1,4250000,4250000,4250000
2024,37,1,4250000,4250000,4250000
2024,38,1,4e+06,4e+06,4e+06
2024,31,1,4e+06,4e+06,4e+06
2024,32,1,4e+06,4e+06,4e+06
2024,32,1,4e+06,4e+06,4e+06
2024,33,1,4e+06,4e+06,4e+06
2024,30,1,3350000,3350000,3350000
2024,33,1,3250000,3250000,3250000
2024,33,1,3e+06,3e+06,3e+06
2024,35,1,3e+06,3e+06,3e+06
2024,31,1,3e+06,3e+06,3e+06
2024,34,1,3e+06,3e+06,3e+06
2024,35,1,2500000,2500000,2500000
2024,34,1,2250000,2250000,2250000
2024,33,1,2250000,2250000,2250000
2024,37,1,2e+06,2e+06,2e+06
2024,32,1,2e+06,2e+06,2e+06
2024,30,1,2e+06,2e+06,2e+06
2024,34,1,2e+06,2e+06,2e+06
2024,35,1,1750000,1750000,1750000
2024,30,1,1750000,1750000,1750000
2024,33,1,1700000,1700000,1700000
2024,36,1,1500000,1500000,1500000
2024,28,1,1500000,1500000,1500000
2024,32,1,1500000,1500000,1500000
2024,33,1,1100000,1100000,1100000
2024,31,1,1e+06,1e+06,1e+06
2024,34,1,740000,740000,740000
2023,31.066,9,4e+07,41600000,4622222.22222222
2023,30.001,11,27272727,28363636.08,2578512.37090909
2023,30.273,11,25454545,26472726.8,2406611.52727273
2023,28.282,6,33333333,34666666.32,5777777.72
2023,35.012,5,3.7e+07,38480000,7696000
2023,29.14,7,25285714,26297142.56,3756734.65142857
2023,30.096,8,20250000,21060000,2632500
2023,30.203,6,2.7e+07,28080000,4680000
2023,29.101,5,20400000,21216000,4243200
2023,31.049,5,17500000,18200000,3640000
2023,40.131,2,43333333,45066666.32,22533333.16
2023,28.36,5,1.5e+07,15600000,3120000
2023,30.322,4,1.8e+07,18720000,4680000
2023,31.225,4,1.7e+07,17680000,4420000
2023,34.129,3,2.1e+07,21840000,7280000
2023,36.153,3,19500000,20280000,6760000
2023,32.122,5,9200000,9568000,1913600
2023,32.19,3,14500000,15080000,5026666.66666667
2023,29.084,3,13333333,13866666.32,4622222.10666667
2023,33.327,2,2e+07,20800000,10400000
2023,33.183,3,1.3e+07,13520000,4506666.66666667
2023,30.122,2,1.8e+07,18720000,9360000
2023,32.257,3,11500000,11960000,3986666.66666667
2023,33.138,2,1.7e+07,17680000,8840000
2023,30.321,2,16500000,17160000,8580000
2023,32.196,3,1.1e+07,11440000,3813333.33333333
2023,35.274,2,1.6e+07,16640000,8320000
2023,32.314,3,1e+07,10400000,3466666.66666667
2023,32.33,3,8666667,9013333.68,3004444.56
2023,34.158,2,1.3e+07,13520000,6760000
2023,32,4,6500000,6760000,1690000
2023,32.026,2,12500000,1.3e+07,6500000
2023,31.15,2,12500000,1.3e+07,6500000
2023,33.22,2,12500000,1.3e+07,6500000
2023,38.22,2,10850000,11284000,5642000
2023,35.104,1,2e+07,20800000,20800000
2023,31.071,1,19650000,20436000,20436000
2023,32.088,1,19650000,20436000,20436000
2023,34.018,2,9500000,9880000,4940000
2023,37.029,2,8750000,9100000,4550000
2023,30.315,2,8500000,8840000,4420000
2023,32.255,2,8500000,8840000,4420000
2023,33.106,2,8500000,8840000,4420000
2023,33.226,2,7500000,7800000,3900000
2023,31.141,2,7500000,7800000,3900000
2023,31.231,2,7500000,7800000,3900000
2023,32.334,2,7250000,7540000,3770000
2023,37.221,2,7250000,7540000,3770000
2023,31.105,2,7e+06,7280000,3640000
2023,30.185,2,6750000,7020000,3510000
2023,30.306,1,1.3e+07,13520000,13520000
2023,31.067,2,6500000,6760000,3380000
2023,36.047,1,1.2e+07,12480000,12480000
2023,37.217,2,6e+06,6240000,3120000
2023,32.192,1,1.2e+07,12480000,12480000
2023,31.311,2,5750000,5980000,2990000
2023,33.328,2,5750000,5980000,2990000
2023,29.224,1,1.1e+07,11440000,11440000
2023,32.149,1,1e+07,10400000,10400000
2023,35.251,1,1e+07,10400000,10400000
2023,35.034,1,1e+07,10400000,10400000
2023,37.082,1,1e+07,10400000,10400000
2023,35.314,1,1e+07,10400000,10400000
2023,38.083,1,1e+07,10400000,10400000
2023,33.053,2,4750000,4940000,2470000
2023,36.072,1,9300000,9672000,9672000
2023,33.07,1,9e+06,9360000,9360000
2023,37.136,NA,8500000,8840000,NA
2023,39.253,1,8500000,8840000,8840000
2023,32.038,2,4250000,4420000,2210000
2023,31.178,1,8500000,8840000,8840000
2023,31.199,1,8e+06,8320000,8320000
2023,43.112,1,8e+06,8320000,8320000
2023,30.131,1,7750000,8060000,8060000
2023,34.013,1,7500000,7800000,7800000
2023,32.203,1,7500000,7800000,7800000
2023,34.3,1,7e+06,7280000,7280000
2023,33.281,1,7e+06,7280000,7280000
2023,35.209,1,7e+06,7280000,7280000
2023,37.084,1,6725000,6994000,6994000
2023,32.175,2,3250000,3380000,1690000
2023,35.321,1,6500000,6760000,6760000
2023,33.014,1,6250000,6500000,6500000
2023,35.115,1,6e+06,6240000,6240000
2023,32.098,1,6e+06,6240000,6240000
2023,29.144,1,5e+06,5200000,5200000
2023,33.049,1,5e+06,5200000,5200000
2023,30.317,1,5e+06,5200000,5200000
2023,32.052,1,5e+06,5200000,5200000
2023,36.264,1,5e+06,5200000,5200000
2023,36.23,1,4500000,4680000,4680000
2023,30.108,1,4e+06,4160000,4160000
2023,37.267,1,4e+06,4160000,4160000
2023,35.123,1,3750000,3900000,3900000
2023,28.189,1,3500000,3640000,3640000
2023,31.292,1,3500000,3640000,3640000
2023,34.234,1,3250000,3380000,3380000
2023,31.024,1,3150000,3276000,3276000
2023,33.001,1,3e+06,3120000,3120000
2023,34.309,1,3e+06,3120000,3120000
2023,35.035,1,2800000,2912000,2912000
2023,34.04,1,2250000,2340000,2340000
2023,33.288,1,2e+06,2080000,2080000
2023,33.103,1,2e+06,2080000,2080000
2023,35.358,1,2e+06,2080000,2080000
2023,31.229,1,2e+06,2080000,2080000
2023,35.196,1,2e+06,2080000,2080000
2023,32.264,1,1500000,1560000,1560000
2023,33.356,1,1500000,1560000,1560000
2023,34.026,1,1200000,1248000,1248000
2023,43,1,1e+06,1040000,1040000
2023,33.06,1,1e+06,1040000,1040000
2023,35.317,1,1e+06,1040000,1040000
2023,33.315,0,NA,NA,NA
2023,30.258,0,NA,NA,NA
2023,34.056,0,NA,NA,NA
2023,35.213,0,NA,NA,NA
2023,33.073,0,NA,NA,NA
2023,30.228,NA,NA,NA,NA
2023,35.26,0,NA,NA,NA
2023,35.315,0,NA,NA,NA
2023,34.182,0,NA,NA,NA
2023,34.081,0,NA,NA,NA
2023,32.231,0,NA,NA,NA
2023,36.278,0,NA,NA,NA
2023,34.192,0,NA,NA,NA
2023,32.168,0,NA,NA,NA
2023,31.045,0,NA,NA,NA
2023,39.022,0,NA,NA,NA
2023,32.296,0,NA,NA,NA
2023,33.039,0,NA,NA,NA
2023,36.364,0,NA,NA,NA
2023,33.177,0,NA,NA,NA
2023,35.248,0,NA,NA,NA
2023,37.194,0,NA,NA,NA
2023,30.294,0,NA,NA,NA
2023,34.111,0,NA,NA,NA
2023,32.069,0,NA,NA,NA
2023,30.067,0,NA,NA,NA
2023,29.148,0,NA,NA,NA
2023,34.19,0,NA,NA,NA
2023,34.178,0,NA,NA,NA
2023,31.094,0,NA,NA,NA
2023,32.125,0,NA,NA,NA
2023,34.221,0,NA,NA,NA
2023,33.033,0,NA,NA,NA
2023,30.041,0,NA,NA,NA
2023,31,0,NA,NA,NA
2023,39.114,0,NA,NA,NA
2023,34.281,0,NA,NA,NA
2023,NA,NA,NA,NA,NA
2023,NA,NA,NA,NA,NA
2023,30.324,NA,NA,NA,NA
2023,34.109,NA,NA,NA,NA
2023,NA,NA,NA,NA,NA
2023,NA,NA,NA,NA,NA
2023,36.013,NA,NA,NA,NA
2023,37.013,NA,NA,NA,NA
2023,36.016,NA,NA,NA,NA
2023,40.252,NA,NA,NA,NA
2023,33.11,NA,NA,NA,NA
2023,36.265,NA,NA,NA,NA
2023,37.309,NA,NA,NA,NA
2023,39.27,NA,NA,NA,NA
2023,38.242,NA,NA,NA,NA
2023,NA,NA,NA,NA,NA
2023,NA,NA,NA,NA,NA
2023,30.325,NA,NA,NA,NA
2023,39.027,NA,NA,NA,NA
2023,35.187,NA,NA,NA,NA
2023,34.278,NA,NA,NA,NA
2023,30.211,NA,NA,NA,NA
2023,30.051,NA,NA,NA,NA
2023,35.191,NA,NA,NA,NA
2023,31.217,NA,NA,NA,NA
2023,38.307,NA,NA,NA,NA
2023,39.124,NA,NA,NA,NA
2022,28.065,10,32500000,35152000,3515200
2022,30.178,7,2.6e+07,28121600,4017371.42857143
2022,31.287,7,2.5e+07,27040000,3862857.14285714
2022,32.292,6,2.7e+07,29203200,4867200
2022,29.212,6,23333333,25237332.9728,4206222.16213333
2022,29.228,6,23333333,25237332.9728,4206222.16213333
2022,37.339,3,43333333,46869332.9728,15623110.9909333
2022,30.273,5,2.3e+07,24876800,4975360
2022,31.176,5,2.2e+07,23795200,4759040
2022,27.282,3,35100000,37964160,12654720
2022,30.119,5,2e+07,21632000,4326400
2022,29.118,4,19750000,21361600,5340400
2022,33.265,4,19500000,21091200,5272800
2022,29.085,5,15400000,16656640,3331328
2022,31.061,3,23666667,25597867.0272,8532622.3424
2022,31.306,4,1.5e+07,16224000,4056000
2022,32.178,4,14500000,15683200,3920800
2022,30.238,4,1.4e+07,15142400,3785600
2022,31.019,4,13250000,14331200,3582800
2022,31.033,4,1.1e+07,11897600,2974400
2022,29.203,2,2.2e+07,23795200,11897600
2022,32.074,3,1.2e+07,12979200,4326400
2022,31.014,3,1.2e+07,12979200,4326400
2022,30.126,3,1.2e+07,12979200,4326400
2022,32.327,2,1.6e+07,17305600,8652800
2022,33.136,2,13250000,14331200,7165600
2022,39.131,1,2.5e+07,27040000,27040000
2022,31.17,2,12500000,13520000,6760000
2022,31.192,3,2.4e+07,25958400,8652800
2022,29.306,1,2.1e+07,22713600,22713600
2022,34.267,2,1e+07,10816000,5408000
2022,33.177,2,1e+07,10816000,5408000
2022,35.072,1,18400000,19901440,19901440
2022,30.276,2,9e+06,9734400,4867200
2022,34.022,2,1.7e+07,18387200,9193600
2022,34.104,1,1.7e+07,18387200,18387200
2022,34.194,2,8500000,9193600,4596800
2022,33.017,2,8500000,9193600,4596800
2022,31.105,3,5500000,5948800,1982933.33333333
2022,34.274,1,1.6e+07,17305600,17305600
2022,42,1,1.5e+07,16224000,16224000
2022,37.095,2,7e+06,7571200,3785600
2022,34.24,2,7e+06,7571200,3785600
2022,32.014,2,6500000,7030400,3515200
2022,34.347,2,6500000,7030400,3515200
2022,38.253,1,1.3e+07,14060800,14060800
2022,31.317,2,5500000,5948800,2974400
2022,30.217,1,1e+07,10816000,10816000
2022,35.012,2,5e+06,5408000,2704000
2022,32.256,2,5e+06,5408000,2704000
2022,33.237,1,1e+07,10816000,10816000
2022,34.002,2,5e+06,5408000,2704000
2022,35.264,1,8500000,9193600,9193600
2022,35.098,2,4125000,4461600,2230800
2022,32.183,1,8e+06,8652800,8652800
2022,36.161,2,4e+06,4326400,2163200
2022,36.082,1,8e+06,8652800,8652800
2022,35.026,2,4e+06,4326400,2163200
2022,34.115,1,7500000,8112000,8112000
2022,35.152,2,3500000,3785600,1892800
2022,35.114,1,7e+06,7571200,7571200
2022,30.178,1,7e+06,7571200,7571200
2022,31.255,1,7e+06,7571200,7571200
2022,31,1,7e+06,7571200,7571200
2022,32.264,1,6e+06,6489600,6489600
2022,32.103,1,6e+06,6489600,6489600
2022,30.071,1,6e+06,6489600,6489600
2022,31.06,1,6e+06,6489600,6489600
2022,34.358,1,5500000,5948800,5948800
2022,33.164,1,5500000,5948800,5948800
2022,34.035,1,5500000,5948800,5948800
2022,33.018,1,5250000,5678400,5678400
2022,34.26,1,5200000,5624320,5624320
2022,29.228,1,5e+06,5408000,5408000
2022,33.04,1,5e+06,5408000,5408000
2022,32.049,1,5e+06,5408000,5408000
2022,42.112,1,5e+06,5408000,5408000
2022,33.19,1,5e+06,5408000,5408000
2022,37.194,1,4750000,5137600,5137600
2022,34.196,1,4500000,4867200,4867200
2022,33.182,1,4100000,4434560,4434560
2022,32.039,1,4e+06,4326400,4326400
2022,36.221,1,4e+06,4326400,4326400
2022,31.088,1,4e+06,4326400,4326400
2022,32.3,1,4e+06,4326400,4326400
2022,30.217,1,4e+06,4326400,4326400
2022,29.325,1,3750000,4056000,4056000
2022,33.278,1,3500000,3785600,3785600
2022,37.083,1,3500000,3785600,3785600
2022,33.192,1,3e+06,3244800,3244800
2022,34.236,1,3e+06,3244800,3244800
2022,30.024,1,3e+06,3244800,3244800
2022,34.035,1,2500000,2704000,2704000
2022,36.029,1,2500000,2704000,2704000
2022,33.022,1,2500000,2704000,2704000
2022,42.166,1,2500000,2704000,2704000
2022,38.101,1,2500000,2704000,2704000
2022,33.17,1,2125000,2298400,2298400
2022,30.229,1,2e+06,2163200,2163200
2022,39.119,1,2e+06,2163200,2163200
2022,33.281,1,1825000,1973920,1973920
2022,36.013,1,1750000,1892800,1892800
2022,29.144,NA,1750000,1892800,NA
2022,29.067,1,1750000,1892800,1892800
2022,38.27,1,1750000,1892800,1892800
2022,32.315,1,1500000,1622400,1622400
2022,35.278,1,1500000,1622400,1622400
2022,31.168,1,1500000,1622400,1622400
2022,34.176,1,1250000,1352000,1352000
2022,38.027,1,9e+05,973440,973440
2022,38.075,1,850000,919360,919360
2022,33.026,1,7e+05,757120,757120
2022,36.197,0,1,1.0816,Inf
2022,32.347,0,1,1.0816,Inf
2022,30.273,0,1,1.0816,Inf
2022,34.1,0,1,1.0816,Inf
2022,36.217,0,1,1.0816,Inf
2022,34.315,0,1,1.0816,Inf
2022,37.137,0,1,1.0816,Inf
2022,36.136,0,1,1.0816,Inf
2022,33.081,0,1,1.0816,Inf
2022,36.117,0,1,1.0816,Inf
2022,36.101,0,1,1.0816,Inf
2022,33.109,0,1,1.0816,Inf
2022,31.296,0,1,1.0816,Inf
2022,33.096,0,1,1.0816,Inf
2022,35.266,0,1,1.0816,Inf
2022,36.223,0,1,1.0816,Inf
2022,34.02,0,1,1.0816,Inf
2022,35.364,0,1,1.0816,Inf
2022,29.076,0,1,1.0816,Inf
2022,33.106,0,1,1.0816,Inf
2022,33.111,0,1,1.0816,Inf
2022,31.093,0,1,1.0816,Inf
2022,30.283,0,1,1.0816,Inf
2022,31.264,0,1,1.0816,Inf
2022,33.013,0,1,1.0816,Inf
2022,39.252,0,1,1.0816,Inf
2022,30.324,0,1,1.0816,Inf
2022,37.012,0,1,1.0816,Inf
2022,34.055,0,1,1.0816,Inf
2022,33.054,0,1,1.0816,Inf
2022,37.221,0,1,1.0816,Inf
2022,35.265,0,1,1.0816,Inf
2022,33.178,0,1,1.0816,Inf
2022,35.284,0,1,1.0816,Inf
2022,31.322,0,1,1.0816,Inf
2022,33.221,0,1,1.0816,Inf
2022,32.076,0,1,1.0816,Inf
2022,33.068,0,1,1.0816,Inf
2022,30.292,0,1,1.0816,Inf
2022,NA,NA,NA,NA,NA
2022,NA,NA,NA,NA,NA
2022,32.197,1,NA,NA,NA
2022,37.016,1,NA,NA,NA
2022,32.229,2,NA,NA,NA
2022,33.344,4,NA,NA,NA
2022,32,NA,NA,NA,NA
2022,NA,NA,NA,NA,NA
2022,NA,NA,NA,NA,NA
2022,35.153,NA,NA,NA,NA
2022,37.298,NA,NA,NA,NA
2022,37.329,NA,NA,NA,NA
2022,38.175,NA,NA,NA,NA
2022,35.308,NA,NA,NA,NA
2022,37.041,NA,NA,NA,NA
2022,24.24,NA,NA,NA,NA
2022,38.044,NA,NA,NA,NA
2022,37.276,NA,NA,NA,NA
2022,NA,NA,NA,NA,NA
2022,NA,NA,NA,NA,NA
2022,37.255,NA,NA,NA,NA
2022,31.237,NA,NA,NA,NA
2022,37.253,NA,NA,NA,NA
2022,36.23,NA,NA,NA,NA
2022,34.325,NA,NA,NA,NA
2022,36.284,NA,NA,NA,NA
2022,33.054,NA,NA,NA,NA
2022,31.156,NA,NA,NA,NA
2022,32.336,NA,NA,NA,NA
2022,39.201,NA,NA,NA,NA
2022,38.187,NA,NA,NA,NA
2022,34.15,NA,NA,NA,NA
2022,39.091,NA,NA,NA,NA
2022,32,NA,NA,NA,NA
2022,38.311,NA,NA,NA,NA
2022,29.122,NA,NA,NA,NA
2022,34.192,NA,NA,NA,NA
2022,36.298,NA,NA,NA,NA
2022,32.033,NA,NA,NA,NA
2022,34.123,NA,NA,NA,NA
2022,38.158,NA,NA,NA,NA
2022,37.032,NA,NA,NA,NA
2022,34.198,NA,NA,NA,NA
2022,39.255,NA,NA,NA,NA
2022,35.265,NA,NA,NA,NA
2022,37.32,NA,NA,NA,NA
2021,31.286,6,2.5e+07,28121600,4686933.33333333
2021,30.105,5,23100000,25984358.4,5196871.68
2021,30.166,3,3.4e+07,38245376,12748458.6666667
2021,32.354,6,1.5e+07,16872960,2812160
2021,30.232,4,16250000,18279040,4569760
2021,32.142,3,1.8e+07,20247552,6749184
2021,31.019,4,10150000,11417369.6,2854342.4
2021,36.221,2,1.7e+07,19122688,9561344
2021,34.048,2,1.6e+07,17997824,8998912
2021,31.134,2,1.4e+07,15748096,7874048
2021,31.074,2,1.2e+07,13498368,6749184
2021,31.097,3,7833333,8811434.291712,2937144.763904
2021,28.132,3,7e+06,7874048,2624682.66666667
2021,28.323,2,7666666,8623956.583424,4311978.291712
2021,30.177,1,18900000,21259929.6,21259929.6
2021,30.061,1,18900000,21259929.6,21259929.6
2021,32.152,3,6250000,7030400,2343466.66666667
2021,30.288,1,1.8e+07,20247552,20247552
2021,33.188,2,9e+06,10123776,5061888
2021,30.265,2,9e+06,10123776,5061888
2021,35.085,2,8750000,9842560,4921280
2021,33.002,2,8750000,9842560,4921280
2021,31.282,2,7750000,8717696,4358848
2021,37.232,1,1.5e+07,16872960,16872960
2021,29.312,2,7e+06,7874048,3937024
2021,41.001,1,1.3e+07,14623232,14623232
2021,33.112,2,6250000,7030400,3515200
2021,35.083,1,1.1e+07,12373504,12373504
2021,31.033,1,1.1e+07,12373504,12373504
2021,32.081,1,1.1e+07,12373504,12373504
2021,31.104,1,10500000,11811072,11811072
2021,31.301,1,10500000,11811072,11811072
2021,33.035,1,1e+07,11248640,11248640
2021,31.289,2,5e+06,5624320,2812160
2021,38.354,1,9e+06,10123776,10123776
2021,32.238,1,8500000,9561344,9561344
2021,31.208,1,8e+06,8998912,8998912
2021,38.256,1,8e+06,8998912,8998912
2021,32.159,1,8e+06,8998912,8998912
2021,29.274,1,8e+06,8998912,8998912
2021,39.306,1,8e+06,8998912,8998912
2021,29.071,1,7e+06,7874048,7874048
2021,34.014,2,3500000,3937024,1968512
2021,30.285,2,3500000,3937024,1968512
2021,32.279,1,6500000,7311616,7311616
2021,32.183,1,6250000,7030400,7030400
2021,35.117,1,6e+06,6749184,6749184
2021,31.074,1,6e+06,6749184,6749184
2021,34.098,1,5500000,6186752,6186752
2021,37.312,1,2525000,2840281.6,2840281.6
2021,33.318,1,2525000,2840281.6,2840281.6
2021,31.039,1,5e+06,5624320,5624320
2021,37.176,1,5e+06,5624320,5624320
2021,30.089,1,5e+06,5624320,5624320
2021,32.179,1,3250000,3655808,3655808
2021,33.243,2,2500000,2812160,1406080
2021,34.33,2,2500000,2812160,1406080
2021,29.259,1,4500000,5061888,5061888
2021,33.214,1,4e+06,4499456,4499456
2021,30.06,1,3550000,3993267.2,3993267.2
2021,36.018,1,3500000,3937024,3937024
2021,31.257,1,3500000,3937024,3937024
2021,37.045,1,3500000,3937024,3937024
2021,31.198,1,3e+06,3374592,3374592
2021,32.11,1,3e+06,3374592,3374592
2021,33.195,1,3e+06,3374592,3374592
2021,36.095,1,3e+06,3374592,3374592
2021,30,1,3e+06,3374592,3374592
2021,30.171,1,3e+06,3374592,3374592
2021,30.099,1,3e+06,3374592,3374592
2021,35.224,1,2750000,3093376,3093376
2021,31.014,1,2250000,2530944,2530944
2021,36.222,1,2550000,2868403.2,2868403.2
2021,33.151,1,2500000,2812160,2812160
2021,41.112,1,2500000,2812160,2812160
2021,38.253,2,1575000,1771660.8,885830.4
2021,36.138,1,2025000,2277849.6,2277849.6
2021,35.299,1,2250000,2530944,2530944
2021,38.12,1,2250000,2530944,2530944
2021,33.326,1,2e+06,2249728,2249728
2021,34.278,1,2e+06,2249728,2249728
2021,34.013,1,1800000,2024755.2,2024755.2
2021,35.231,1,1750000,1968512,1968512
2021,34.266,1,1750000,1968512,1968512
2021,34.154,1,1500000,1687296,1687296
2021,33.123,1,1500000,1687296,1687296
2021,34.279,1,1500000,1687296,1687296
2021,36.321,1,1500000,1687296,1687296
2021,31.23,1,1500000,1687296,1687296
2021,32.227,1,1500000,1687296,1687296
2021,30.094,1,1500000,1687296,1687296
2021,32.222,1,1500000,1687296,1687296
2021,37.271,1,1500000,1687296,1687296
2021,30.193,1,1250000,1406080,1406080
2021,36.256,1,1250000,1406080,1406080
2021,28.076,1,1200000,1349836.8,1349836.8
2021,32.056,1,1150000,1293593.6,1293593.6
2021,30.265,1,1e+06,1124864,1124864
2021,32.323,1,1e+06,1124864,1124864
2021,36.277,1,1e+06,1124864,1124864
2021,31.315,0,NA,NA,NA
2021,33.035,0,NA,NA,NA
2021,34.089,0,NA,NA,NA
2021,37.327,0,NA,NA,NA
2021,33.315,0,NA,NA,NA
2021,37.027,0,NA,NA,NA
2021,31.178,0,NA,NA,NA
2021,34.256,0,NA,NA,NA
2021,31.349,0,NA,NA,NA
2021,35.159,0,NA,NA,NA
2021,34.169,0,NA,NA,NA
2021,35.14,0,NA,NA,NA
2021,35.286,0,NA,NA,NA
2021,33.071,0,NA,NA,NA
2021,30.296,0,NA,NA,NA
2021,32.096,0,NA,NA,NA
2021,33.225,0,NA,NA,NA
2021,34.266,0,NA,NA,NA
2021,33.021,0,NA,NA,NA
2021,34.364,0,NA,NA,NA
2021,10.134,0,NA,NA,NA
2021,33.284,0,NA,NA,NA
2021,36.333,0,NA,NA,NA
2021,36.195,0,NA,NA,NA
2021,36.335,0,NA,NA,NA
2021,34.09,0,NA,NA,NA
2021,36.329,0,NA,NA,NA
2021,32.111,0,NA,NA,NA
2021,37.075,0,NA,NA,NA
2021,38.093,0,NA,NA,NA
2021,34.089,0,NA,NA,NA
2021,32.023,0,NA,NA,NA
2021,32.026,0,NA,NA,NA
2021,34.171,0,NA,NA,NA
2021,29.324,0,NA,NA,NA
2021,30.245,0,NA,NA,NA
2021,40.321,0,NA,NA,NA
2021,31.06,0,NA,NA,NA
2021,34.133,0,NA,NA,NA
2021,35.189,0,NA,NA,NA
2021,33.126,0,NA,NA,NA
2021,34.325,0,NA,NA,NA
2021,35.041,0,NA,NA,NA
2021,30.156,0,NA,NA,NA
2021,30.229,0,NA,NA,NA
2021,34.355,0,NA,NA,NA
2021,36.032,0,NA,NA,NA
2021,35.04,0,NA,NA,NA
2021,NA,NA,NA,NA,NA
2021,33.357,NA,NA,NA,NA
2021,38.354,NA,NA,NA,NA
2021,32.077,NA,NA,NA,NA
2021,37.115,NA,NA,NA,NA
2021,32.243,NA,NA,NA,NA
2021,34.234,NA,NA,NA,NA
2021,NA,NA,NA,NA,NA
2021,35.117,NA,NA,NA,NA
2021,37.142,NA,NA,NA,NA
2021,35.363,NA,NA,NA,NA
2021,37.355,NA,NA,NA,NA
2021,41.016,NA,NA,NA,NA
2021,37.227,NA,NA,NA,NA
2021,36.091,NA,NA,NA,NA
2021,33.14,NA,NA,NA,NA
2021,NA,NA,NA,NA,NA
2021,37.227,NA,NA,NA,NA
2021,35.257,NA,NA,NA,NA
2021,38.176,NA,NA,NA,NA
2021,32.282,NA,NA,NA,NA
2021,37.187,NA,NA,NA,NA
2021,36.282,NA,NA,NA,NA
2021,33.232,NA,NA,NA,NA
2021,34.305,NA,NA,NA,NA
2021,34.016,NA,NA,NA,NA
2021,33.15,NA,NA,NA,NA
2021,32.187,NA,NA,NA,NA
2021,34.284,NA,NA,NA,NA
2021,37.336,NA,NA,NA,NA
2021,36.083,NA,NA,NA,NA
2021,36.066,NA,NA,NA,NA
2021,37.125,NA,NA,NA,NA
2021,32.276,NA,NA,NA,NA
2021,37.364,NA,NA,NA,NA
2021,35.041,NA,NA,NA,NA
2020,29.297,9,3.6e+07,42114908.16,4679434.24
2020,30.025,7,3.5e+07,40945049.6,5849292.8
2020,31.347,7,3.5e+07,40945049.6,5849292.8
2020,30.032,5,23600000,27608662.016,5521732.4032
2020,34.131,4,2.3e+07,26906746.88,6726686.72
2020,30.335,5,1.7e+07,19887595.52,3977519.104
2020,27.098,4,2e+07,23397171.2,5849292.8
2020,31.236,4,18250000,21349918.72,5337479.68
2020,28.119,4,1.6e+07,18717736.96,4679434.24
2020,31.294,4,1.6e+07,18717736.96,4679434.24
2020,32.182,3,18500000,21642383.36,7214127.78666667
2020,33.154,3,16666667,19497643.0566195,6499214.35220651
2020,30.357,3,13333333,15598113.7433805,5199371.24779349
2020,31.222,4,8500000,9943797.76,2485949.44
2020,32.252,3,9333333,10918679.5033805,3639559.83446016
2020,33.27,2,1.2e+07,14038302.72,7019151.36
2020,35.308,3,8e+06,9358868.48,3119622.82666667
2020,29.02,2,1e+07,11698585.6,5849292.8
2020,31.165,2,1e+07,11698585.6,5849292.8
2020,36.187,1,1.8e+07,21057454.08,21057454.08
2020,29.232,1,1.8e+07,21057454.08,21057454.08
2020,30.097,1,17800000,20823482.368,20823482.368
2020,31.04,2,8750000,10236262.4,5118131.2
2020,32.261,2,8e+06,9358868.48,4679434.24
2020,29.256,2,8e+06,9358868.48,4679434.24
2020,33.231,2,7500000,8773939.2,4386969.6
2020,30.134,1,1.4e+07,16378019.84,16378019.84
2020,34.029,2,7e+06,8189009.92,4094504.96
2020,36.312,1,12500000,14623232,14623232
2020,37.176,1,1.2e+07,14038302.72,14038302.72
2020,30.099,2,6e+06,7019151.36,3509575.68
2020,33.114,2,5500000,6434222.08,3217111.04
2020,32.101,1,5250000,6141757.44,6141757.44
2020,31.187,1,1e+07,11698585.6,11698585.6
2020,32.348,2,5e+06,5849292.8,2924646.4
2020,29.156,1,9e+06,10528727.04,10528727.04
2020,36.114,2,4500000,5264363.52,2632181.76
2020,36.102,2,4e+06,4679434.24,2339717.12
2020,34.162,2,3750000,4386969.6,2193484.8
2020,34.06,1,7e+06,8189009.92,8189009.92
2020,33.32,2,3500000,4094504.96,2047252.48
2020,33.014,1,6850000,8013531.136,8013531.136
2020,36.027,1,6750000,7896545.28,7896545.28
2020,36.355,1,6250000,7311616,7311616
2020,28.331,2,3125000,3655808,1827904
2020,28.259,1,6100000,7136137.216,7136137.216
2020,29.089,1,6e+06,7019151.36,7019151.36
2020,34.013,1,6e+06,7019151.36,7019151.36
2020,34.286,1,5e+06,5849292.8,5849292.8
2020,32.151,1,5e+06,5849292.8,5849292.8
2020,33.209,1,5e+06,5849292.8,5849292.8
2020,37.12,1,5e+06,5849292.8,5849292.8
2020,38.306,1,5e+06,5849292.8,5849292.8
2020,34.14,1,5e+06,5849292.8,5849292.8
2020,34.041,1,4500000,5264363.52,5264363.52
2020,33.154,1,4250000,4971898.88,4971898.88
2020,31.222,1,4150000,4854913.024,4854913.024
2020,34.159,1,4e+06,4679434.24,4679434.24
2020,36.227,1,4e+06,4679434.24,4679434.24
2020,36.142,1,4e+06,4679434.24,4679434.24
2020,29.171,1,4e+06,4679434.24,4679434.24
2020,31.081,1,4e+06,4679434.24,4679434.24
2020,33.234,1,4e+06,4679434.24,4679434.24
2020,35.335,1,3250000,3802040.32,3802040.32
2020,32.021,1,3250000,3802040.32,3802040.32
2020,32.126,1,3e+06,3509575.68,3509575.68
2020,35.243,1,3e+06,3509575.68,3509575.68
2020,30.178,1,3e+06,3509575.68,3509575.68
2020,34.299,1,3e+06,3509575.68,3509575.68
2020,40.112,1,3e+06,3509575.68,3509575.68
2020,29,1,3e+06,3509575.68,3509575.68
2020,37.08,1,3e+06,3509575.68,3509575.68
2020,37.253,1,2750000,3217111.04,3217111.04
2020,35.138,1,2750000,3217111.04,3217111.04
2020,34.231,1,2500000,2924646.4,2924646.4
2020,34.08,2,1050000,1228351.488,614175.744
2020,34.117,1,2e+06,2339717.12,2339717.12
2020,31.282,1,2e+06,2339717.12,2339717.12
2020,30.257,1,2e+06,2339717.12,2339717.12
2020,35.321,1,2e+06,2339717.12,2339717.12
2020,29.193,1,2e+06,2339717.12,2339717.12
2020,34.041,1,2e+06,2339717.12,2339717.12
2020,35.277,1,2e+06,2339717.12,2339717.12
2020,35.018,1,1825000,2134991.872,2134991.872
2020,36.115,1,1600000,1871773.696,1871773.696
2020,33.089,1,1500000,1754787.84,1754787.84
2020,33.171,1,1500000,1754787.84,1754787.84
2020,35.333,1,1500000,1754787.84,1754787.84
2020,33.266,1,1500000,1754787.84,1754787.84
2020,31.077,1,1e+06,1169858.56,1169858.56
2020,33.364,1,875000,1023626.24,1023626.24
2020,33.013,1,6e+05,701915.136,701915.136
2020,31.305,0,NA,NA,NA
2020,33.084,0,NA,NA,NA
2020,30.348,0,NA,NA,NA
2020,33.289,0,NA,NA,NA
2020,36.299,0,NA,NA,NA
2020,36.327,0,NA,NA,NA
2020,32.123,0,NA,NA,NA
2020,33.069,0,NA,NA,NA
2020,32.176,0,NA,NA,NA
2020,34.118,0,NA,NA,NA
2020,33.047,0,NA,NA,NA
2020,33.169,0,NA,NA,NA
2020,34.079,0,NA,NA,NA
2020,29.296,0,NA,NA,NA
2020,34.09,0,NA,NA,NA
2020,33.266,0,NA,NA,NA
2020,34.363,0,NA,NA,NA
2020,36.296,0,NA,NA,NA
2020,35.109,0,NA,NA,NA
2020,34.155,0,NA,NA,NA
2020,33.09,0,NA,NA,NA
2020,31.106,0,NA,NA,NA
2020,35.329,0,NA,NA,NA
2020,36.249,0,NA,NA,NA
2020,32.195,0,NA,NA,NA
2020,34.018,0,NA,NA,NA
2020,33.309,0,NA,NA,NA
2020,33.136,0,NA,NA,NA
2020,32.311,0,NA,NA,NA
2020,35.341,0,NA,NA,NA
2020,33.305,0,NA,NA,NA
2020,35.133,0,NA,NA,NA
2020,36.336,0,NA,NA,NA
2020,35.066,0,NA,NA,NA
2020,33.071,0,NA,NA,NA
2020,33.325,0,NA,NA,NA
2020,32.198,0,NA,NA,NA
2020,34.295,0,NA,NA,NA
2020,35.256,0,NA,NA,NA
2020,33.355,0,NA,NA,NA
2020,36.364,0,NA,NA,NA
2020,34.295,0,NA,NA,NA
2020,32.311,0,NA,NA,NA
2020,NA,NA,NA,NA,NA
2020,39.256,NA,NA,NA,NA
2020,32.248,NA,NA,NA,NA
2020,34.335,NA,NA,NA,NA
2020,31.014,NA,NA,NA,NA
2020,33.056,NA,NA,NA,NA
2020,NA,NA,NA,NA,NA
2020,36.235,NA,NA,NA,NA
2020,31.271,NA,NA,NA,NA
2020,37.064,NA,NA,NA,NA
2020,39.107,NA,NA,NA,NA
2020,33.084,NA,NA,NA,NA
2020,36.132,NA,NA,NA,NA
2020,36.249,NA,NA,NA,NA
2020,39.346,NA,NA,NA,NA
2020,39.036,NA,NA,NA,NA
2020,NA,NA,NA,NA,NA
2020,NA,NA,NA,NA,NA
2020,34.197,NA,NA,NA,NA
2020,37.163,NA,NA,NA,NA
2020,35.322,NA,NA,NA,NA
2020,35.325,NA,NA,NA,NA
2020,33.294,NA,NA,NA,NA
2020,33.31,NA,NA,NA,NA
2020,30.362,NA,NA,NA,NA
2020,31.142,NA,NA,NA,NA
2020,33.34,NA,NA,NA,NA
2020,36.067,NA,NA,NA,NA
2020,37.137,NA,NA,NA,NA
2020,39.301,NA,NA,NA,NA
2020,37.08,NA,NA,NA,NA
2020,29.207,NA,NA,NA,NA
2020,43.105,NA,NA,NA,NA
2020,34.167,NA,NA,NA,NA
2020,37.15,NA,NA,NA,NA
2020,35.103,NA,NA,NA,NA
2020,29.231,NA,NA,NA,NA
2019,26,13,25384615,30884265.5160566,2375712.73200435
2019,26,10,3e+07,36499587.072,3649958.7072
2019,29,6,23333333,28388567.3171157,4731427.88618595
2019,31,3,3.1e+07,37716239.9744,12572079.9914667
2019,29,4,1.7e+07,20683099.3408,5170774.8352
2019,31,4,13750000,16728977.408,4182244.352
2019,32,3,16666666,20277547.5622314,6759182.5207438
2019,31,3,14333333,17438691.1955157,5812897.0651719
2019,31,3,1.3e+07,15816487.7312,5272162.57706667
2019,36,2,1.7e+07,20683099.3408,10341549.6704
2019,32,2,1.6e+07,19466446.4384,9733223.2192
2019,35,2,1.5e+07,18249793.536,9124896.768
2019,29,3,1e+07,12166529.024,4055509.67466667
2019,32,3,1e+07,12166529.024,4055509.67466667
2019,34,2,12500000,15208161.28,7604080.64
2019,31,3,8333333,10138773.7811157,3379591.2603719
2019,34,2,1.2e+07,14599834.8288,7299917.4144
2019,30,2,1.2e+07,14599834.8288,7299917.4144
2019,33,3,8e+06,9733223.2192,3244407.73973333
2019,33,1,2.3e+07,27983016.7552,27983016.7552
2019,34,2,11500000,13991508.3776,6995754.1888
2019,30,2,10500000,12774855.4752,6387427.7376
2019,35,2,1e+07,12166529.024,6083264.512
2019,31,2,9500000,11558202.5728,5779101.2864
2019,35,2,9500000,11558202.5728,5779101.2864
2019,30,1,18250000,22203915.4688,22203915.4688
2019,29,2,9e+06,10949876.1216,5474938.0608
2019,32,1,17900000,21778086.95296,21778086.95296
2019,31,2,7750000,9429059.9936,4714529.9968
2019,35,2,7500000,9124896.768,4562448.384
2019,38,1,14300000,17398136.50432,17398136.50432
2019,31,1,1.3e+07,15816487.7312,15816487.7312
2019,30,1,1.1e+07,13383181.9264,13383181.9264
2019,30,1,1e+07,12166529.024,12166529.024
2019,31,2,5e+06,6083264.512,3041632.256
2019,35,2,5e+06,6083264.512,3041632.256
2019,31,1,9e+06,10949876.1216,10949876.1216
2019,32,1,9e+06,10949876.1216,10949876.1216
2019,30,1,8500000,10341549.6704,10341549.6704
2019,38,1,8e+06,9733223.2192,9733223.2192
2019,37,2,4e+06,4866611.6096,2433305.8048
2019,35,2,4e+06,4866611.6096,2433305.8048
2019,35,1,7500000,9124896.768,9124896.768
2019,32,1,7e+06,8516570.3168,8516570.3168
2019,36,1,6250000,7604080.64,7604080.64
2019,36,2,3125000,3802040.32,1901020.16
2019,35,1,6e+06,7299917.4144,7299917.4144
2019,32,1,5750000,6995754.1888,6995754.1888
2019,35,1,5750000,6995754.1888,6995754.1888
2019,32,1,5250000,6387427.7376,6387427.7376
2019,29,1,5e+06,6083264.512,6083264.512
2019,32,2,2500000,3041632.256,1520816.128
2019,32,1,4500000,5474938.0608,5474938.0608
2019,36,1,4500000,5474938.0608,5474938.0608
2019,34,1,4e+06,4866611.6096,4866611.6096
2019,28,1,4e+06,4866611.6096,4866611.6096
2019,35,1,4e+06,4866611.6096,4866611.6096
2019,30,1,4e+06,4866611.6096,4866611.6096
2019,33,1,3500000,4258285.1584,4258285.1584
2019,33,1,3350000,4075787.22304,4075787.22304
2019,33,1,3250000,3954121.9328,3954121.9328
2019,33,1,3e+06,3649958.7072,3649958.7072
2019,33,1,3e+06,3649958.7072,3649958.7072
2019,32,1,3e+06,3649958.7072,3649958.7072
2019,34,1,3e+06,3649958.7072,3649958.7072
2019,32,1,2750000,3345795.4816,3345795.4816
2019,30,1,2750000,3345795.4816,3345795.4816
2019,35,1,2750000,3345795.4816,3345795.4816
2019,37,1,2500000,3041632.256,3041632.256
2019,30,1,2500000,3041632.256,3041632.256
2019,32,1,2500000,3041632.256,3041632.256
2019,36,1,2500000,3041632.256,3041632.256
2019,31,1,2500000,3041632.256,3041632.256
2019,32,1,2500000,3041632.256,3041632.256
2019,28,1,2050000,2494138.44992,2494138.44992
2019,35,1,2e+06,2433305.8048,2433305.8048
2019,36,1,2e+06,2433305.8048,2433305.8048
2019,31,1,2e+06,2433305.8048,2433305.8048
2019,33,1,2e+06,2433305.8048,2433305.8048
2019,37,1,2e+06,2433305.8048,2433305.8048
2019,31,1,1500000,1824979.3536,1824979.3536
2019,30,1,1500000,1824979.3536,1824979.3536
2019,31,1,1400000,1703314.06336,1703314.06336
2019,32,1,1300000,1581648.77312,1581648.77312
2019,35,1,1250000,1520816.128,1520816.128
2019,35,1,750000,912489.6768,912489.6768
2019,36,0,NA,NA,NA
2019,32,0,NA,NA,NA
2019,35,0,NA,NA,NA
2019,35,0,NA,NA,NA
2019,35,0,NA,NA,NA
2019,34,0,NA,NA,NA
2019,34,0,NA,NA,NA
2019,29,0,NA,NA,NA
2019,38,0,NA,NA,NA
2019,38,0,NA,NA,NA
2019,29,0,NA,NA,NA
2019,33,0,NA,NA,NA
2019,32,0,NA,NA,NA
2019,32,0,NA,NA,NA
2019,32,0,NA,NA,NA
2019,33,0,NA,NA,NA
2019,31,0,NA,NA,NA
2019,33,0,NA,NA,NA
2019,33,0,NA,NA,NA
2019,38,0,NA,NA,NA
2019,33,0,NA,NA,NA
2019,36,0,NA,NA,NA
2019,30,0,NA,NA,NA
2019,32,0,NA,NA,NA
2019,35,0,NA,NA,NA
2019,29,0,NA,NA,NA
2019,35,0,NA,NA,NA
2019,34,0,NA,NA,NA
2019,35,0,NA,NA,NA
2019,34,0,NA,NA,NA
2019,32,0,NA,NA,NA
2019,31,0,NA,NA,NA
2019,31,0,NA,NA,NA
2019,34,0,NA,NA,NA
2019,32,0,NA,NA,NA
2019,36,0,NA,NA,NA
2019,35,0,NA,NA,NA
2019,35,0,NA,NA,NA
2019,33,0,NA,NA,NA
2019,36,0,NA,NA,NA
2019,36,0,NA,NA,NA
2019,31,0,NA,NA,NA
2019,37,0,NA,NA,NA
2019,33,0,NA,NA,NA
2019,34,0,NA,NA,NA
2019,33,0,NA,NA,NA
2019,36,0,NA,NA,NA
2019,34,0,NA,NA,NA
2019,NA,NA,NA,NA,NA
2019,40,NA,NA,NA,NA
2019,38,NA,NA,NA,NA
2019,35,NA,NA,NA,NA
2019,32,NA,NA,NA,NA
2019,36,NA,NA,NA,NA
2019,40,NA,NA,NA,NA
2019,36,NA,NA,NA,NA
2019,35,NA,NA,NA,NA
2019,40,NA,NA,NA,NA
2019,34,NA,NA,NA,NA
2019,39,NA,NA,NA,NA
2019,NA,NA,NA,NA,NA
2019,NA,NA,NA,NA,NA
2019,38,NA,NA,NA,NA
2019,39,NA,NA,NA,NA
2019,41,NA,NA,NA,NA
2019,46,NA,NA,NA,NA
2019,33,NA,NA,NA,NA
2019,32,NA,NA,NA,NA
2019,35,NA,NA,NA,NA
2019,39,NA,NA,NA,NA
2019,32,NA,NA,NA,NA
2019,36,NA,NA,NA,NA
2019,38,NA,NA,NA,NA
2019,38,NA,NA,NA,NA
2019,32,NA,NA,NA,NA
2019,32,NA,NA,NA,NA
2019,36,NA,NA,NA,NA
2019,37,NA,NA,NA,NA
2019,35,NA,NA,NA,NA
2019,33,NA,NA,NA,NA
2019,35,NA,NA,NA,NA
2018,28,7,20571429,26029420.3513402,3718488.62162002
2018,31,6,2.1e+07,26571699.388416,4428616.564736
2018,30,5,2.2e+07,27837018.406912,5567403.6813824
2018,32,5,1.6e+07,20245104.295936,4049020.8591872
2018,32,3,2.5e+07,31632975.4624,10544325.1541333
2018,32,3,2e+07,25306380.36992,8435460.12330667
2018,30,4,14250000,18030796.013568,4507699.003392
2018,32,3,17333333,21932195.8988243,7310731.96627478
2018,31,3,1.3e+07,16449147.240448,5483049.08014933
2018,32,3,12666666,16027373.3907367,5342457.79691222
2018,28,3,12666666,16027373.3907367,5342457.79691222
2018,30,3,9333333,11809643.7508563,3936547.91695211
2018,30,3,9e+06,11387871.166464,3795957.055488
2018,31,3,9e+06,11387871.166464,3795957.055488
2018,33,2,10500000,13285849.694208,6642924.847104
2018,31,2,9e+06,11387871.166464,5693935.583232
2018,32,2,8500000,10755211.657216,5377605.828608
2018,31,2,8500000,10755211.657216,5377605.828608
2018,29,2,8375000,10597046.779904,5298523.389952
2018,37,2,8125000,10280717.02528,5140358.51264
2018,31,2,8e+06,10122552.147968,5061276.073984
2018,31,2,8e+06,10122552.147968,5061276.073984
2018,35,2,8e+06,10122552.147968,5061276.073984
2018,30,2,7750000,9806222.393344,4903111.196672
2018,31,2,7500000,9489892.63872,4744946.31936
2018,34,2,7500000,9489892.63872,4744946.31936
2018,32,1,1.4e+07,17714466.258944,17714466.258944
2018,32,2,NA,NA,NA
2018,32,2,6500000,8224573.620224,4112286.810112
2018,32,2,6500000,8224573.620224,4112286.810112
2018,31,1,1.2e+07,15183828.221952,15183828.221952
2018,34,2,5500000,6959254.601728,3479627.300864
2018,37,1,1e+07,12653190.18496,12653190.18496
2018,29,2,5e+06,6326595.09248,3163297.54624
2018,33,2,5e+06,6326595.09248,3163297.54624
2018,33,2,5e+06,6326595.09248,3163297.54624
2018,33,2,4500000,5693935.583232,2846967.791616
2018,35,2,4250000,5377605.828608,2688802.914304
2018,31,2,4125000,5219440.951296,2609720.475648
2018,31,1,8e+06,10122552.147968,10122552.147968
2018,33,2,3750000,4744946.31936,2372473.15968
2018,35,2,3500000,4428616.564736,2214308.282368
2018,34,2,3500000,4428616.564736,2214308.282368
2018,29,1,6500000,8224573.620224,8224573.620224
2018,30,1,6500000,8224573.620224,8224573.620224
2018,32,1,6500000,8224573.620224,8224573.620224
2018,31,2,3e+06,3795957.055488,1897978.527744
2018,32,1,5e+06,6326595.09248,6326595.09248
2018,37,1,5e+06,6326595.09248,6326595.09248
2018,33,2,2500000,3163297.54624,1581648.77312
2018,35,2,2500000,3163297.54624,1581648.77312
2018,34,1,4750000,6010265.337856,6010265.337856
2018,41,1,4500000,5693935.583232,5693935.583232
2018,34,2,2250000,2846967.791616,1423483.895808
2018,31,1,4e+06,5061276.073984,5061276.073984
2018,34,1,4e+06,5061276.073984,5061276.073984
2018,32,1,4e+06,5061276.073984,5061276.073984
2018,32,1,4e+06,5061276.073984,5061276.073984
2018,34,1,4e+06,5061276.073984,5061276.073984
2018,32,1,3500000,4428616.564736,4428616.564736
2018,31,1,3250000,4112286.810112,4112286.810112
2018,30,1,3e+06,3795957.055488,3795957.055488
2018,33,1,3e+06,3795957.055488,3795957.055488
2018,33,1,3e+06,3795957.055488,3795957.055488
2018,34,1,2800000,3542893.2517888,3542893.2517888
2018,31,1,2500000,3163297.54624,3163297.54624
2018,33,1,2500000,3163297.54624,3163297.54624
2018,34,1,2500000,3163297.54624,3163297.54624
2018,34,1,2500000,3163297.54624,3163297.54624
2018,35,1,2500000,3163297.54624,3163297.54624
2018,35,1,2150000,2720435.8897664,2720435.8897664
2018,34,1,2e+06,2530638.036992,2530638.036992
2018,32,1,2e+06,2530638.036992,2530638.036992
2018,35,1,2e+06,2530638.036992,2530638.036992
2018,35,1,2e+06,2530638.036992,2530638.036992
2018,39,2,1e+06,1265319.018496,632659.509248
2018,30,1,1500000,1897978.527744,1897978.527744
2018,34,1,1500000,1897978.527744,1897978.527744
2018,34,1,1e+06,1265319.018496,1265319.018496
2018,27,1,1e+06,1265319.018496,1265319.018496
2018,40,1,1e+06,1265319.018496,1265319.018496
2018,44,1,750000,948989.263872,948989.263872
2018,36,1,575000,727558.4356352,727558.4356352
2018,39,1,575000,727558.4356352,727558.4356352
2018,32,0,NA,NA,NA
2018,31,0,NA,NA,NA
2018,29,0,NA,NA,NA
2018,30,0,NA,NA,NA
2018,34,0,NA,NA,NA
2018,32,0,NA,NA,NA
2018,37,0,NA,NA,NA
2018,31,0,NA,NA,NA
2018,38,0,NA,NA,NA
2018,34,0,NA,NA,NA
2018,34,0,NA,NA,NA
2018,31,0,NA,NA,NA
2018,36,0,NA,NA,NA
2018,37,0,NA,NA,NA
2018,33,0,NA,NA,NA
2018,33,0,NA,NA,NA
2018,33,0,NA,NA,NA
2018,45,0,NA,NA,NA
2018,37,0,NA,NA,NA
2018,34,0,NA,NA,NA
2018,37,0,NA,NA,NA
2018,37,0,NA,NA,NA
2018,31,0,NA,NA,NA
2018,34,0,NA,NA,NA
2018,37,0,NA,NA,NA
2018,31,0,NA,NA,NA
2018,38,0,NA,NA,NA
2018,37,0,NA,NA,NA
2018,34,0,NA,NA,NA
2018,34,0,NA,NA,NA
2018,33,0,NA,NA,NA
2018,36,0,NA,NA,NA
2018,31,0,NA,NA,NA
2018,34,0,NA,NA,NA
2018,36,0,NA,NA,NA
2018,36,0,NA,NA,NA
2018,35,0,NA,NA,NA
2018,35,0,NA,NA,NA
2018,34,0,NA,NA,NA
2018,36,0,NA,NA,NA
2018,37,0,NA,NA,NA
2018,32,0,NA,NA,NA
2018,37,0,NA,NA,NA
2018,31,0,NA,NA,NA
2018,30,0,NA,NA,NA
2018,34,0,NA,NA,NA
2018,35,0,NA,NA,NA
2018,33,0,NA,NA,NA
2018,30,0,NA,NA,NA
2018,31,0,NA,NA,NA
2018,33,0,NA,NA,NA
2018,39,0,NA,NA,NA
2018,NA,NA,NA,NA,NA
2018,32,NA,NA,NA,NA
2018,43,NA,NA,NA,NA
2018,30,NA,NA,NA,NA
2018,30,NA,NA,NA,NA
2018,NA,NA,NA,NA,NA
2018,NA,NA,NA,NA,NA
2018,41,NA,NA,NA,NA
2018,37,NA,NA,NA,NA
2018,34,NA,NA,NA,NA
2018,41,NA,NA,NA,NA
2018,37,NA,NA,NA,NA
2018,33,NA,NA,NA,NA
2018,43,NA,NA,NA,NA
2018,35,NA,NA,NA,NA
2018,35,NA,NA,NA,NA
2018,36,NA,NA,NA,NA
2018,35,NA,NA,NA,NA
2018,34,NA,NA,NA,NA
2018,41,NA,NA,NA,NA
2018,35,NA,NA,NA,NA
2018,35,NA,NA,NA,NA
2018,34,NA,NA,NA,NA
2018,34,NA,NA,NA,NA
2018,39,NA,NA,NA,NA
2018,36,NA,NA,NA,NA
2018,34,NA,NA,NA,NA
2018,35,NA,NA,NA,NA
2018,39,NA,NA,NA,NA
2018,35,NA,NA,NA,NA
2018,35,NA,NA,NA,NA
2018,30,NA,NA,NA,NA
2018,34,NA,NA,NA,NA
2017,31,4,27500000,36188123.9289856,9047030.9822464
2017,29,5,17200000,22634026.6028565,4526805.32057129
2017,31,5,16500000,21712874.3573914,4342574.87147827
2017,29,5,1.6e+07,21054908.4677734,4210981.69355469
2017,31,5,1.4e+07,18423044.9093018,3684608.98186035
2017,32,4,1.6e+07,21054908.4677734,5263727.11694336
2017,32,4,15500000,20396942.5781555,5099235.64453888
2017,34,3,2e+07,26318635.5847168,8772878.52823894
2017,30,4,1.3e+07,17107113.1300659,4276778.28251648
2017,37,3,1.6e+07,21054908.4677734,7018302.82259115
2017,31,3,12500000,16449147.240448,5483049.08014933
2017,34,3,1.1e+07,14475249.5715942,4825083.19053141
2017,30,4,7625000,10033979.8166733,2508494.95416832
2017,30,3,8666666,11404741.2094228,3801580.40314092
2017,30,3,8166667,10746776.6357366,3582258.87857887
2017,33,2,1.1e+07,14475249.5715942,7237624.78579712
2017,31,2,10500000,13817283.6819763,6908641.84098816
2017,32,3,6333333,8334234.16318306,2778078.05439435
2017,36,1,18500000,24344737.915863,24344737.915863
2017,31,1,17200000,22634026.6028565,22634026.6028565
2017,30,1,17200000,22634026.6028565,22634026.6028565
2017,40,1,1.6e+07,21054908.4677734,21054908.4677734
2017,34,2,8e+06,10527454.2338867,5263727.11694336
2017,31,2,7500000,9869488.3442688,4934744.1721344
2017,33,2,7e+06,9211522.45465088,4605761.22732544
2017,37,1,1.3e+07,17107113.1300659,17107113.1300659
2017,44,1,12500000,16449147.240448,16449147.240448
2017,29,2,6250000,8224573.620224,4112286.810112
2017,34,2,6250000,8224573.620224,4112286.810112
2017,33,2,6e+06,7895590.67541504,3947795.33770752
2017,30,2,6e+06,7895590.67541504,3947795.33770752
2017,31,2,6e+06,7895590.67541504,3947795.33770752
2017,37,2,6e+06,7895590.67541504,3947795.33770752
2017,31,1,11500000,15133215.4612122,15133215.4612122
2017,32,2,5750000,7566607.73060608,3783303.86530304
2017,32,2,5500000,7237624.78579712,3618812.39289856
2017,36,2,5500000,7237624.78579712,3618812.39289856
2017,30,2,5500000,7237624.78579712,3618812.39289856
2017,31,2,5500000,7237624.78579712,3618812.39289856
2017,30,1,1e+07,13159317.7923584,13159317.7923584
2017,30,1,9e+06,11843386.0131226,11843386.0131226
2017,35,1,8500000,11185420.1235046,11185420.1235046
2017,42,1,8e+06,10527454.2338867,10527454.2338867
2017,32,1,8e+06,10527454.2338867,10527454.2338867
2017,39,1,7500000,9869488.3442688,9869488.3442688
2017,32,1,6500000,8553556.56503296,8553556.56503296
2017,33,1,6500000,8553556.56503296,8553556.56503296
2017,30,1,6e+06,7895590.67541504,7895590.67541504
2017,42,1,6e+06,7895590.67541504,7895590.67541504
2017,36,1,6e+06,7895590.67541504,7895590.67541504
2017,33,1,5750000,7566607.73060608,7566607.73060608
2017,31,1,5500000,7237624.78579712,7237624.78579712
2017,29,1,5350000,7040235.01891175,7040235.01891175
2017,30,1,5e+06,6579658.8961792,6579658.8961792
2017,33,1,4e+06,5263727.11694336,5263727.11694336
2017,36,1,4e+06,5263727.11694336,5263727.11694336
2017,34,2,2e+06,2631863.55847168,1315931.77923584
2017,33,2,1900000,2500270.3805481,1250135.19027405
2017,29,1,3500000,4605761.22732544,4605761.22732544
2017,34,1,3500000,4605761.22732544,4605761.22732544
2017,29,1,3e+06,3947795.33770752,3947795.33770752
2017,34,1,3e+06,3947795.33770752,3947795.33770752
2017,32,1,3e+06,3947795.33770752,3947795.33770752
2017,33,1,3e+06,3947795.33770752,3947795.33770752
2017,34,1,3e+06,3947795.33770752,3947795.33770752
2017,34,1,3e+06,3947795.33770752,3947795.33770752
2017,33,1,3e+06,3947795.33770752,3947795.33770752
2017,34,1,2600000,3421422.62601318,3421422.62601318
2017,40,1,2500000,3289829.4480896,3289829.4480896
2017,36,1,2500000,3289829.4480896,3289829.4480896
2017,29,1,2500000,3289829.4480896,3289829.4480896
2017,34,1,2300000,3026643.09224243,3026643.09224243
2017,37,1,2050000,2697660.14743347,2697660.14743347
2017,34,1,2e+06,2631863.55847168,2631863.55847168
2017,30,1,2e+06,2631863.55847168,2631863.55847168
2017,38,1,2e+06,2631863.55847168,2631863.55847168
2017,33,1,2e+06,2631863.55847168,2631863.55847168
2017,35,1,1750000,2302880.61366272,2302880.61366272
2017,29,1,1750000,2302880.61366272,2302880.61366272
2017,33,1,1750000,2302880.61366272,2302880.61366272
2017,29,1,1750000,2302880.61366272,2302880.61366272
2017,34,1,1500000,1973897.66885376,1973897.66885376
2017,30,1,1500000,1973897.66885376,1973897.66885376
2017,33,1,1500000,1973897.66885376,1973897.66885376
2017,33,1,1500000,1973897.66885376,1973897.66885376
2017,32,1,1400000,1842304.49093018,1842304.49093018
2017,34,1,1250000,1644914.7240448,1644914.7240448
2017,33,1,1e+06,1315931.77923584,1315931.77923584
2017,32,1,650000,855355.656503296,855355.656503296
2017,34,0,NA,NA,NA
2017,30,0,NA,NA,NA
2017,33,0,NA,NA,NA
2017,30,0,NA,NA,NA
2017,33,0,NA,NA,NA
2017,32,0,NA,NA,NA
2017,30,0,NA,NA,NA
2017,34,0,NA,NA,NA
2017,35,0,NA,NA,NA
2017,34,0,NA,NA,NA
2017,32,0,NA,NA,NA
2017,33,0,NA,NA,NA
2017,36,0,NA,NA,NA
2017,31,0,NA,NA,NA
2017,34,0,NA,NA,NA
2017,36,0,NA,NA,NA
2017,32,0,NA,NA,NA
2017,35,0,NA,NA,NA
2017,37,0,NA,NA,NA
2017,30,0,NA,NA,NA
2017,30,0,NA,NA,NA
2017,33,0,NA,NA,NA
2017,32,0,NA,NA,NA
2017,32,0,NA,NA,NA
2017,36,0,NA,NA,NA
2017,29,0,NA,NA,NA
2017,33,0,NA,NA,NA
2017,31,0,NA,NA,NA
2017,32,0,NA,NA,NA
2017,38,0,NA,NA,NA
2017,42,0,NA,NA,NA
2017,30,0,NA,NA,NA
2017,32,0,NA,NA,NA
2017,32,0,NA,NA,NA
2017,36,0,NA,NA,NA
2017,33,0,NA,NA,NA
2017,32,0,NA,NA,NA
2017,34,0,NA,NA,NA
2017,32,0,NA,NA,NA
2017,39,0,NA,NA,NA
2017,29,0,NA,NA,NA
2017,34,0,NA,NA,NA
2017,NA,NA,NA,NA,NA
2017,35,4,NA,NA,NA
2017,34,1,NA,NA,NA
2017,34,1,NA,NA,NA
2017,33,1,NA,NA,NA
2017,NA,NA,NA,NA,NA
2017,NA,NA,NA,NA,NA
2017,31,NA,NA,NA,NA
2017,39,NA,NA,NA,NA
2017,38,NA,NA,NA,NA
2017,37,NA,NA,NA,NA
2017,33,NA,NA,NA,NA
2017,35,NA,NA,NA,NA
2017,33,NA,NA,NA,NA
2017,35,NA,NA,NA,NA
2017,37,NA,NA,NA,NA
2017,33,NA,NA,NA,NA
2017,39,NA,NA,NA,NA
2017,36,NA,NA,NA,NA
2017,33,NA,NA,NA,NA
2017,35,NA,NA,NA,NA
2017,36,NA,NA,NA,NA
2017,40,NA,NA,NA,NA
2017,35,NA,NA,NA,NA
2017,33,NA,NA,NA,NA
2017,40,NA,NA,NA,NA
2017,36,NA,NA,NA,NA
2017,37,NA,NA,NA,NA
2017,35,NA,NA,NA,NA
2017,36,NA,NA,NA,NA
2016,30,7,3.1e+07,42425640.5625635,6060805.79465193
2016,32,6,34416666,47101583.9057355,7850263.98428925
2016,26,8,2.3e+07,31477088.1593213,3934636.01991516
2016,30,7,2.3e+07,31477088.1593213,4496726.87990304
2016,28,6,22125000,30279590.2402167,5046598.37336945
2016,30,6,21666666,29652328.5130682,4942054.75217804
2016,30,5,2.2e+07,30108519.108916,6021703.82178321
2016,31,5,1.8e+07,24634242.9072949,4926848.58145899
2016,30,5,1.6e+07,21897104.8064844,4379420.96129688
2016,28,5,1.6e+07,21897104.8064844,4379420.96129688
2016,30,3,2.5e+07,34214226.2601318,11404742.0867106
2016,32,4,1.8e+07,24634242.9072949,6158560.72682373
2016,31,5,1.4e+07,19159966.7056738,3831993.34113477
2016,35,4,1.4e+07,19159966.7056738,4789991.67641846
2016,32,3,1.6e+07,21897104.8064844,7299034.93549479
2016,31,3,12500000,17107113.1300659,5702371.04335531
2016,33,3,1.2e+07,16422828.6048633,5474276.2016211
2016,37,2,1.6e+07,21897104.8064844,10948552.4032422
2016,32,3,10333333,14141879.7313315,4713959.91044383
2016,33,4,7750000,10606410.1406409,2651602.53516022
2016,29,3,9166666,12545215.3830023,4181738.46100077
2016,32,2,1.3e+07,17791397.6552686,8895698.82763428
2016,32,3,8333333,11404741.6305209,3801580.54350698
2016,30,2,1.1e+07,15054259.554458,7527129.77722901
2016,35,3,7333333,10036172.5801157,3345390.86003855
2016,32,2,1e+07,13685690.5040527,6842845.25202637
2016,30,2,9250000,12659263.7162488,6329631.85812439
2016,32,3,6e+06,8211414.30243164,2737138.10081055
2016,32,2,8e+06,10948552.4032422,5474276.2016211
2016,30,1,15800000,21623390.9964033,21623390.9964033
2016,29,1,15800000,21623390.9964033,21623390.9964033
2016,28,1,15800000,21623390.9964033,21623390.9964033
2016,32,3,5e+06,6842845.25202637,2280948.41734212
2016,30,1,1.3e+07,17791397.6552686,17791397.6552686
2016,32,2,6500000,8895698.82763428,4447849.41381714
2016,31,2,6125000,8382485.4337323,4191242.71686615
2016,35,1,1.2e+07,16422828.6048633,16422828.6048633
2016,30,2,6e+06,8211414.30243164,4105707.15121582
2016,37,2,5750000,7869272.03983033,3934636.01991516
2016,33,2,5500000,7527129.77722901,3763564.8886145
2016,34,2,5e+06,6842845.25202637,3421422.62601318
2016,30,1,8e+06,10948552.4032422,10948552.4032422
2016,32,2,4e+06,5474276.2016211,2737138.10081055
2016,32,2,3750000,5132133.93901978,2566066.96950989
2016,43,1,7250000,9922125.61543824,9922125.61543824
2016,34,1,7e+06,9579983.35283692,9579983.35283692
2016,32,1,7e+06,9579983.35283692,9579983.35283692
2016,37,1,7e+06,9579983.35283692,9579983.35283692
2016,34,2,3500000,4789991.67641846,2394995.83820923
2016,36,1,6e+06,8211414.30243164,8211414.30243164
2016,36,1,6e+06,8211414.30243164,8211414.30243164
2016,37,2,3e+06,4105707.15121582,2052853.57560791
2016,32,1,5750000,7869272.03983033,7869272.03983033
2016,34,1,5500000,7527129.77722901,7527129.77722901
2016,35,1,5250000,7184987.51462769,7184987.51462769
2016,29,1,5e+06,6842845.25202637,6842845.25202637
2016,34,2,2500000,3421422.62601318,1710711.31300659
2016,33,1,4750000,6500702.98942505,6500702.98942505
2016,28,1,4250000,5816418.46422241,5816418.46422241
2016,33,1,4250000,5816418.46422241,5816418.46422241
2016,32,1,4e+06,5474276.2016211,5474276.2016211
2016,37,1,4e+06,5474276.2016211,5474276.2016211
2016,35,1,4e+06,5474276.2016211,5474276.2016211
2016,32,1,4e+06,5474276.2016211,5474276.2016211
2016,34,1,4e+06,5474276.2016211,5474276.2016211
2016,31,1,3900000,5337419.29658057,5337419.29658057
2016,32,2,1875000,2566066.96950989,1283033.48475494
2016,28,1,3e+06,4105707.15121582,4105707.15121582
2016,33,1,3e+06,4105707.15121582,4105707.15121582
2016,33,1,3e+06,4105707.15121582,4105707.15121582
2016,39,2,1500000,2052853.57560791,1026426.78780396
2016,33,1,2800000,3831993.34113477,3831993.34113477
2016,32,1,2600000,3558279.53105371,3558279.53105371
2016,33,1,2500000,3421422.62601318,3421422.62601318
2016,31,1,2500000,3421422.62601318,3421422.62601318
2016,29,1,2500000,3421422.62601318,3421422.62601318
2016,31,1,2500000,3421422.62601318,3421422.62601318
2016,33,1,2250000,3079280.36341187,3079280.36341187
2016,34,1,2e+06,2737138.10081055,2737138.10081055
2016,35,1,2e+06,2737138.10081055,2737138.10081055
2016,29,1,2e+06,2737138.10081055,2737138.10081055
2016,35,1,2e+06,2737138.10081055,2737138.10081055
2016,38,1,2e+06,2737138.10081055,2737138.10081055
2016,39,1,2e+06,2737138.10081055,2737138.10081055
2016,33,1,1500000,2052853.57560791,2052853.57560791
2016,32,1,1500000,2052853.57560791,2052853.57560791
2016,33,1,1500000,2052853.57560791,2052853.57560791
2016,29,1,1250000,1710711.31300659,1710711.31300659
2016,35,1,1e+06,1368569.05040527,1368569.05040527
2016,30,1,1e+06,1368569.05040527,1368569.05040527
2016,33,1,1e+06,1368569.05040527,1368569.05040527
2016,41,1,507500,694548.793080676,694548.793080676
2016,31,1,507500,694548.793080676,694548.793080676
2016,32,1,507500,694548.793080676,694548.793080676
2016,39,0,NA,NA,NA
2016,33,0,NA,NA,NA
2016,37,0,NA,NA,NA
2016,36,0,NA,NA,NA
2016,34,0,NA,NA,NA
2016,35,0,NA,NA,NA
2016,38,0,NA,NA,NA
2016,37,0,NA,NA,NA
2016,40,0,NA,NA,NA
2016,36,0,NA,NA,NA
2016,35,0,NA,NA,NA
2016,30,0,NA,NA,NA
2016,33,0,NA,NA,NA
2016,32,0,NA,NA,NA
2016,33,0,NA,NA,NA
2016,37,0,NA,NA,NA
2016,35,0,NA,NA,NA
2016,34,0,NA,NA,NA
2016,31,0,NA,NA,NA
2016,35,0,NA,NA,NA
2016,36,0,NA,NA,NA
2016,31,0,NA,NA,NA
2016,37,0,NA,NA,NA
2016,33,0,NA,NA,NA
2016,30,0,NA,NA,NA
2016,31,0,NA,NA,NA
2016,37,0,NA,NA,NA
2016,32,0,NA,NA,NA
2016,34,0,NA,NA,NA
2016,31,0,NA,NA,NA
2016,33,0,NA,NA,NA
2016,31,0,NA,NA,NA
2016,33,0,NA,NA,NA
2016,40,0,NA,NA,NA
2016,35,0,NA,NA,NA
2016,37,0,NA,NA,NA
2016,36,0,NA,NA,NA
2016,31,0,NA,NA,NA
2016,34,0,NA,NA,NA
2016,39,0,NA,NA,NA
2016,33,0,NA,NA,NA
2016,35,0,NA,NA,NA
2016,35,0,NA,NA,NA
2016,31,0,NA,NA,NA
2016,NA,NA,NA,NA,NA
2016,35,1,NA,NA,NA
2016,NA,NA,NA,NA,NA
2016,NA,NA,NA,NA,NA
2016,37,NA,NA,NA,NA
2016,39,NA,NA,NA,NA
2016,31,NA,NA,NA,NA
2016,37,NA,NA,NA,NA
2016,39,NA,NA,NA,NA
2016,36,NA,NA,NA,NA
2016,35,NA,NA,NA,NA
2016,38,NA,NA,NA,NA
2016,35,NA,NA,NA,NA
2016,34,NA,NA,NA,NA
2016,43,NA,NA,NA,NA
2016,40,NA,NA,NA,NA
2016,40,NA,NA,NA,NA
2016,32,NA,NA,NA,NA
2016,37,NA,NA,NA,NA
2016,33,NA,NA,NA,NA
2016,34,NA,NA,NA,NA
2016,38,NA,NA,NA,NA
2016,35,NA,NA,NA,NA
2016,40,NA,NA,NA,NA
2016,33,NA,NA,NA,NA
2016,36,NA,NA,NA,NA
2016,39,NA,NA,NA,NA
2016,38,NA,NA,NA,NA
2015,30,7,3e+07,42699354.3726446,6099907.76752065
2015,31,6,25833333,36768888.0131178,6128148.00218629
2015,28,5,1.9e+07,27042924.4360082,5408584.88720164
2015,31,4,2.2e+07,31312859.8732727,7828214.96831817
2015,32,5,16400000,23342313.7237124,4668462.74474247
2015,33,4,18750000,26687096.4829028,6671774.12072571
2015,36,4,1.6e+07,22772988.9987438,5693247.24968594
2015,34,4,14250000,20282193.3270062,5070548.33175154
2015,32,4,13750000,19570537.4207954,4892634.35519885
2015,31,4,1.3e+07,18503053.5614793,4625763.39036983
2015,31,4,1.2e+07,17079741.7490578,4269935.43726445
2015,30,4,11500000,16368085.8428471,4092021.46071177
2015,31,4,1.1e+07,15656429.9366363,3914107.48415908
2015,30,3,1.4e+07,19926365.3739008,6642121.79130026
2015,31,3,1.3e+07,18503053.5614793,6167684.5204931
2015,30,4,9e+06,12809806.3117934,3202451.57794834
2015,29,3,1e+07,14233118.1242149,4744372.70807162
2015,35,2,12500000,17791397.6552686,8895698.82763428
2015,34,2,1.2e+07,17079741.7490578,8539870.87452891
2015,31,3,7666666,10912056.2796902,3637352.09323006
2015,36,2,10500000,14944774.0304256,7472387.0152128
2015,32,2,1e+07,14233118.1242149,7116559.06210743
2015,31,2,1e+07,14233118.1242149,7116559.06210743
2015,31,4,4625000,6582817.13244937,1645704.28311234
2015,40,2,9e+06,12809806.3117934,6404903.15589668
2015,32,2,8500000,12098150.4055826,6049075.20279131
2015,33,2,8e+06,11386494.4993719,5693247.24968594
2015,32,2,7500000,10674838.5931611,5337419.29658057
2015,32,3,5e+06,7116559.06210743,2372186.35403581
2015,33,2,6500000,9251526.78073965,4625763.39036983
2015,34,2,6250000,8895698.82763428,4447849.41381714
2015,34,1,1.1e+07,15656429.9366363,15656429.9366363
2015,39,1,10500000,14944774.0304256,14944774.0304256
2015,27,1,1e+07,14233118.1242149,14233118.1242149
2015,31,2,5e+06,7116559.06210743,3558279.53105371
2015,30,1,9500000,13521462.2180041,13521462.2180041
2015,38,1,8500000,12098150.4055826,12098150.4055826
2015,28,1,8e+06,11386494.4993719,11386494.4993719
2015,38,2,4e+06,5693247.24968594,2846623.62484297
2015,29,1,7500000,10674838.5931611,10674838.5931611
2015,31,1,6250000,8895698.82763428,8895698.82763428
2015,30,1,5500000,7828214.96831817,7828214.96831817
2015,36,1,5e+06,7116559.06210743,7116559.06210743
2015,32,1,5e+06,7116559.06210743,7116559.06210743
2015,37,1,5e+06,7116559.06210743,7116559.06210743
2015,33,1,5e+06,7116559.06210743,7116559.06210743
2015,38,2,2500000,3558279.53105371,1779139.76552686
2015,33,1,4700000,6689565.51838098,6689565.51838098
2015,33,1,4500000,6404903.15589668,6404903.15589668
2015,35,1,4100000,5835578.43092809,5835578.43092809
2015,34,1,4e+06,5693247.24968594,5693247.24968594
2015,30,1,4e+06,5693247.24968594,5693247.24968594
2015,32,1,4e+06,5693247.24968594,5693247.24968594
2015,37,1,4e+06,5693247.24968594,5693247.24968594
2015,35,1,4e+06,5693247.24968594,5693247.24968594
2015,35,1,3500000,4981591.3434752,4981591.3434752
2015,32,1,3e+06,4269935.43726445,4269935.43726445
2015,35,1,3e+06,4269935.43726445,4269935.43726445
2015,34,1,2600000,3700610.71229586,3700610.71229586
2015,32,1,2500000,3558279.53105371,3558279.53105371
2015,31,1,2500000,3558279.53105371,3558279.53105371
2015,30,1,2500000,3558279.53105371,3558279.53105371
2015,29,1,2250000,3202451.57794834,3202451.57794834
2015,32,1,2250000,3202451.57794834,3202451.57794834
2015,33,1,2200000,3131285.98732727,3131285.98732727
2015,38,1,2e+06,2846623.62484297,2846623.62484297
2015,34,1,2e+06,2846623.62484297,2846623.62484297
2015,41,1,2e+06,2846623.62484297,2846623.62484297
2015,32,1,2e+06,2846623.62484297,2846623.62484297
2015,31,1,2e+06,2846623.62484297,2846623.62484297
2015,31,1,2e+06,2846623.62484297,2846623.62484297
2015,29,1,1850000,2633126.85297975,2633126.85297975
2015,37,1,1800000,2561961.26235867,2561961.26235867
2015,32,1,1600000,2277298.89987438,2277298.89987438
2015,33,1,1500000,2134967.71863223,2134967.71863223
2015,32,1,1500000,2134967.71863223,2134967.71863223
2015,32,1,1500000,2134967.71863223,2134967.71863223
2015,37,1,1500000,2134967.71863223,2134967.71863223
2015,30,1,1500000,2134967.71863223,2134967.71863223
2015,36,1,1500000,2134967.71863223,2134967.71863223
2015,34,1,1250000,1779139.76552686,1779139.76552686
2015,34,1,1100000,1565642.99366363,1565642.99366363
2015,35,1,1e+06,1423311.81242149,1423311.81242149
2015,29,1,1e+06,1423311.81242149,1423311.81242149
2015,32,1,1e+06,1423311.81242149,1423311.81242149
2015,33,1,1e+06,1423311.81242149,1423311.81242149
2015,31,1,1e+06,1423311.81242149,1423311.81242149
2015,37,1,850000,1209815.04055826,1209815.04055826
2015,34,1,825000,1174232.24524773,1174232.24524773
2015,36,1,675000,960735.473384502,960735.473384502
2015,38,1,6e+05,853987.087452891,853987.087452891
2015,33,1,507500,722330.744803904,722330.744803904
2015,36,0,NA,NA,NA
2015,33,0,NA,NA,NA
2015,34,0,NA,NA,NA
2015,30,0,NA,NA,NA
2015,37,0,NA,NA,NA
2015,34,0,NA,NA,NA
2015,33,0,NA,NA,NA
2015,39,0,NA,NA,NA
2015,37,0,NA,NA,NA
2015,32,0,NA,NA,NA
2015,33,0,NA,NA,NA
2015,35,0,NA,NA,NA
2015,38,0,NA,NA,NA
2015,35,0,NA,NA,NA
2015,36,0,NA,NA,NA
2015,33,0,NA,NA,NA
2015,33,0,NA,NA,NA
2015,31,0,NA,NA,NA
2015,37,0,NA,NA,NA
2015,28,0,NA,NA,NA
2015,35,0,NA,NA,NA
2015,36,0,NA,NA,NA
2015,35,0,NA,NA,NA
2015,34,0,NA,NA,NA
2015,31,0,NA,NA,NA
2015,34,0,NA,NA,NA
2015,40,0,NA,NA,NA
2015,NA,NA,NA,NA,NA
2015,40,NA,NA,NA,NA
2015,34,NA,NA,NA,NA
2015,32,NA,NA,NA,NA
2015,35,NA,NA,NA,NA
2015,NA,NA,NA,NA,NA
2015,NA,NA,NA,NA,NA
2015,41,NA,NA,NA,NA
2015,35,NA,NA,NA,NA
2015,32,NA,NA,NA,NA
2015,38,NA,NA,NA,NA
2015,34,NA,NA,NA,NA
2015,38,NA,NA,NA,NA
2015,44,NA,NA,NA,NA
2015,35,NA,NA,NA,NA
2015,43,NA,NA,NA,NA
2015,41,NA,NA,NA,NA
2015,39,NA,NA,NA,NA
2015,40,NA,NA,NA,NA
2015,38,NA,NA,NA,NA
2015,36,NA,NA,NA,NA
2014,31,10,2.4e+07,35525862.8380403,3552586.28380403
2014,30,7,21857143,32353911.010393,4621987.287199
2014,31,7,18571429,27490251.6400168,3927178.80571669
2014,30,5,1.7e+07,25164152.8436119,5032830.56872237
2014,33,4,1.5e+07,22203664.2737752,5550916.06844379
2014,32,4,13250000,19613236.7751681,4903309.19379202
2014,30,4,12500000,18503053.5614793,4625763.39036983
2014,30,4,12500000,18503053.5614793,4625763.39036983
2014,31,4,12250000,18132992.4902497,4533248.12256243
2014,37,3,1.5e+07,22203664.2737752,7401221.42459172
2014,32,2,1.6e+07,23683908.5586935,11841954.2793468
2014,31,4,8e+06,11841954.2793468,2960488.56983669
2014,32,4,7562500,11194347.404695,2798586.85117375
2014,31,3,1e+07,14802442.8491834,4934147.61639448
2014,35,3,8666666,12828782.8157961,4276260.93859871
2014,28,3,8e+06,11841954.2793468,3947318.09311558
2014,37,2,11750000,17392870.3477905,8696435.17389527
2014,38,2,11500000,17022809.276561,8511404.63828048
2014,37,2,1.5e+07,22203664.2737752,11101832.1368876
2014,30,2,1.1e+07,16282687.1341018,8141343.56705089
2014,29,3,7e+06,10361709.9944284,3453903.33147614
2014,30,3,7e+06,10361709.9944284,3453903.33147614
2014,41,2,1e+07,14802442.8491834,7401221.42459172
2014,39,2,1e+07,14802442.8491834,7401221.42459172
2014,29,3,5500000,8141343.56705089,2713781.18901696
2014,39,1,1.6e+07,23683908.5586935,23683908.5586935
2014,36,2,8e+06,11841954.2793468,5920977.13967338
2014,30,3,5250000,7771282.49582131,2590427.4986071
2014,36,2,7750000,11471893.2081172,5735946.60405858
2014,35,2,7500000,11101832.1368876,5550916.06844379
2014,31,1,14100000,20871444.4173487,20871444.4173487
2014,37,2,7e+06,10361709.9944284,5180854.99721421
2014,36,3,4333333,6414391.40789806,2138130.46929935
2014,33,2,6250000,9251526.78073965,4625763.39036983
2014,32,2,6e+06,8881465.70951007,4440732.85475503
2014,36,2,6e+06,8881465.70951007,4440732.85475503
2014,31,2,5625000,8326374.10266569,4163187.05133284
2014,30,2,5500000,8141343.56705089,4070671.78352545
2014,32,2,5375000,7956313.0314361,3978156.51571805
2014,31,1,10093443,14940761.3158991,14940761.3158991
2014,33,1,1e+07,14802442.8491834,14802442.8491834
2014,32,1,1e+07,14802442.8491834,14802442.8491834
2014,33,2,5e+06,7401221.42459172,3700610.71229586
2014,30,2,4750000,7031160.35336214,3515580.17668107
2014,37,1,8250000,12212015.3505763,12212015.3505763
2014,33,1,8e+06,11841954.2793468,11841954.2793468
2014,30,1,8e+06,11841954.2793468,11841954.2793468
2014,30,2,4e+06,5920977.13967338,2960488.56983669
2014,31,1,7409836,10968367.3911822,10968367.3911822
2014,30,1,7250000,10731771.065658,10731771.065658
2014,37,2,3500000,5180854.99721421,2590427.4986071
2014,29,2,3500000,5180854.99721421,2590427.4986071
2014,31,1,6e+06,8881465.70951007,8881465.70951007
2014,32,1,6e+06,8881465.70951007,8881465.70951007
2014,32,1,6e+06,8881465.70951007,8881465.70951007
2014,35,2,3e+06,4440732.85475503,2220366.42737752
2014,36,1,5800000,8585416.8525264,8585416.8525264
2014,31,2,2750000,4070671.78352545,2035335.89176272
2014,37,1,5250000,7771282.49582131,7771282.49582131
2014,30,1,5e+06,7401221.42459172,7401221.42459172
2014,36,1,5e+06,7401221.42459172,7401221.42459172
2014,34,2,2500000,3700610.71229586,1850305.35614793
2014,32,2,2500000,3700610.71229586,1850305.35614793
2014,33,1,4500000,6661099.28213255,6661099.28213255
2014,39,2,2250000,3330549.64106627,1665274.82053314
2014,37,1,4250000,6291038.21090296,6291038.21090296
2014,32,2,2125000,3145519.10545148,1572759.55272574
2014,31,1,4e+06,5920977.13967338,5920977.13967338
2014,38,1,4e+06,5920977.13967338,5920977.13967338
2014,33,1,4e+06,5920977.13967338,5920977.13967338
2014,36,1,3500000,5180854.99721421,5180854.99721421
2014,32,1,3250000,4810793.92598462,4810793.92598462
2014,32,1,3250000,4810793.92598462,4810793.92598462
2014,31,1,3050000,4514745.06900095,4514745.06900095
2014,36,1,3e+06,4440732.85475503,4440732.85475503
2014,32,1,3e+06,4440732.85475503,4440732.85475503
2014,36,1,3e+06,4440732.85475503,4440732.85475503
2014,42,1,2750000,4070671.78352545,4070671.78352545
2014,30,1,2750000,4070671.78352545,4070671.78352545
2014,38,1,2500000,3700610.71229586,3700610.71229586
2014,41,1,2500000,3700610.71229586,3700610.71229586
2014,28,1,2500000,3700610.71229586,3700610.71229586
2014,31,1,2450000,3626598.49804994,3626598.49804994
2014,32,1,2275000,3367555.74818923,3367555.74818923
2014,35,1,2250000,3330549.64106627,3330549.64106627
2014,30,1,2e+06,2960488.56983669,2960488.56983669
2014,32,1,2e+06,2960488.56983669,2960488.56983669
2014,36,1,2e+06,2960488.56983669,2960488.56983669
2014,35,1,2e+06,2960488.56983669,2960488.56983669
2014,34,1,2e+06,2960488.56983669,2960488.56983669
2014,39,1,1800000,2664439.71285302,2664439.71285302
2014,36,1,1750000,2590427.4986071,2590427.4986071
2014,32,1,1500000,2220366.42737752,2220366.42737752
2014,37,1,1500000,2220366.42737752,2220366.42737752
2014,33,1,1500000,2220366.42737752,2220366.42737752
2014,32,1,1500000,2220366.42737752,2220366.42737752
2014,33,1,1500000,2220366.42737752,2220366.42737752
2014,33,1,1250000,1850305.35614793,1850305.35614793
2014,31,1,1250000,1850305.35614793,1850305.35614793
2014,36,1,1125000,1665274.82053314,1665274.82053314
2014,34,1,1100000,1628268.71341018,1628268.71341018
2014,28,1,1e+06,1480244.28491834,1480244.28491834
2014,34,1,1e+06,1480244.28491834,1480244.28491834
2014,43,1,1e+06,1480244.28491834,1480244.28491834
2014,32,1,1e+06,1480244.28491834,1480244.28491834
2014,37,1,1e+06,1480244.28491834,1480244.28491834
2014,38,1,1e+06,1480244.28491834,1480244.28491834
2014,31,1,1e+06,1480244.28491834,1480244.28491834
2014,33,1,1e+06,1480244.28491834,1480244.28491834
2014,39,1,850000,1258207.64218059,1258207.64218059
2014,31,1,850000,1258207.64218059,1258207.64218059
2014,33,1,750000,1110183.21368876,1110183.21368876
2014,32,0,NA,NA,NA
2014,36,0,NA,NA,NA
2014,34,0,NA,NA,NA
2014,35,0,NA,NA,NA
2014,39,0,NA,NA,NA
2014,29,0,NA,NA,NA
2014,31,0,NA,NA,NA
2014,36,0,NA,NA,NA
2014,37,0,NA,NA,NA
2014,31,0,NA,NA,NA
2014,36,0,NA,NA,NA
2014,36,0,NA,NA,NA
2014,35,0,NA,NA,NA
2014,36,0,NA,NA,NA
2014,34,0,NA,NA,NA
2014,34,0,NA,NA,NA
2014,32,0,NA,NA,NA
2014,32,0,NA,NA,NA
2014,36,0,NA,NA,NA
2014,34,0,NA,NA,NA
2014,35,0,NA,NA,NA
2014,33,0,NA,NA,NA
2014,35,0,NA,NA,NA
2014,34,0,NA,NA,NA
2014,33,0,NA,NA,NA
2014,NA,NA,NA,NA,NA
2014,32,NA,NA,NA,NA
2014,36,NA,NA,NA,NA
2014,35,NA,NA,NA,NA
2014,NA,NA,NA,NA,NA
2014,NA,NA,NA,NA,NA
2014,38,NA,NA,NA,NA
2014,31,NA,NA,NA,NA
2014,40,NA,NA,NA,NA
2014,39,NA,NA,NA,NA
2014,36,NA,NA,NA,NA
2014,40,NA,NA,NA,NA
2014,37,NA,NA,NA,NA
2014,37,NA,NA,NA,NA
2014,38,NA,NA,NA,NA
2014,37,NA,NA,NA,NA
2014,40,NA,NA,NA,NA
2014,31,NA,NA,NA,NA
2014,34,NA,NA,NA,NA
2014,38,NA,NA,NA,NA
2014,35,NA,NA,NA,NA
2014,43,NA,NA,NA,NA
2014,41,NA,NA,NA,NA
2014,36,NA,NA,NA,NA
2014,42,NA,NA,NA,NA
2014,36,NA,NA,NA,NA
2014,38,NA,NA,NA,NA
2014,44,NA,NA,NA,NA
2014,34,NA,NA,NA,NA
2014,40,NA,NA,NA,NA
2014,36,NA,NA,NA,NA
2014,36,NA,NA,NA,NA
2014,37,NA,NA,NA,NA
2014,36,NA,NA,NA,NA
2013,29,6,24500000,37716624.3797194,6286104.06328657
2013,32,5,2.5e+07,38486351.407877,7697270.28157539
2013,29,5,1.6e+07,24631264.9010413,4926252.98020825
2013,28,5,15050000,23168783.5475419,4633756.70950839
2013,32,4,1.4e+07,21552356.7884111,5388089.19710277
2013,29,4,1.3e+07,20012902.732096,5003225.683024
2013,30,4,1.2e+07,18473448.6757809,4618362.16894524
2013,31,4,1e+07,15394540.5631508,3848635.1407877
2013,32,3,1.3e+07,20012902.732096,6670967.57736534
2013,34,3,1.1e+07,16933994.6194659,5644664.87315529
2013,33,2,1.4e+07,21552356.7884111,10776178.3942055
2013,36,2,13250000,20397766.2461748,10198883.1230874
2013,37,2,1.3e+07,20012902.732096,10006451.366048
2013,37,2,1.3e+07,20012902.732096,10006451.366048
2013,32,3,8666666,13341934.128428,4447311.37614266
2013,34,3,8333333,12828783.2894743,4276261.09649143
2013,33,2,1.2e+07,18473448.6757809,9236724.33789047
2013,30,3,7500000,11545905.4223631,3848635.1407877
2013,29,3,7e+06,10776178.3942055,3592059.46473518
2013,37,3,6666666,10263026.0157978,3421008.67193261
2013,34,3,6e+06,9236724.33789047,3078908.11263016
2013,30,2,8500000,13085359.4786782,6542679.73933908
2013,28,2,8e+06,12315632.4505206,6157816.22526031
2013,29,2,7750000,11930768.9364419,5965384.46822093
2013,38,1,1.5e+07,23091810.8447262,23091810.8447262
2013,32,2,7500000,11545905.4223631,5772952.71118154
2013,34,2,7500000,11545905.4223631,5772952.71118154
2013,32,1,1.3e+07,20012902.732096,20012902.732096
2013,39,2,6500000,10006451.366048,5003225.683024
2013,41,1,1.2e+07,18473448.6757809,18473448.6757809
2013,34,1,1.2e+07,18473448.6757809,18473448.6757809
2013,34,2,6e+06,9236724.33789047,4618362.16894524
2013,33,3,4e+06,6157816.22526031,2052605.4084201
2013,37,1,1.1e+07,16933994.6194659,16933994.6194659
2013,43,1,1e+07,15394540.5631508,15394540.5631508
2013,32,2,5e+06,7697270.28157539,3848635.1407877
2013,29,2,5e+06,7697270.28157539,3848635.1407877
2013,32,2,5e+06,7697270.28157539,3848635.1407877
2013,32,3,3333333,5131513.00789891,1710504.3359663
2013,30,1,9500000,14624813.5349932,14624813.5349932
2013,30,2,4e+06,6157816.22526031,3078908.11263016
2013,29,2,4e+06,6157816.22526031,3078908.11263016
2013,36,1,7500000,11545905.4223631,11545905.4223631
2013,37,3,2500000,3848635.1407877,1282878.38026257
2013,32,1,7e+06,10776178.3942055,10776178.3942055
2013,36,2,3375000,5195657.44006339,2597828.72003169
2013,32,1,6500000,10006451.366048,10006451.366048
2013,36,2,3100000,4772307.57457674,2386153.78728837
2013,30,1,6e+06,9236724.33789047,9236724.33789047
2013,37,2,3e+06,4618362.16894524,2309181.08447262
2013,31,1,5500000,8466997.30973293,8466997.30973293
2013,31,1,5e+06,7697270.28157539,7697270.28157539
2013,33,2,2500000,3848635.1407877,1924317.57039385
2013,35,2,2500000,3848635.1407877,1924317.57039385
2013,38,1,4250000,6542679.73933908,6542679.73933908
2013,31,1,4e+06,6157816.22526031,6157816.22526031
2013,32,1,3500000,5388089.19710277,5388089.19710277
2013,32,1,3250000,5003225.683024,5003225.683024
2013,35,1,3e+06,4618362.16894524,4618362.16894524
2013,40,1,3e+06,4618362.16894524,4618362.16894524
2013,34,1,3e+06,4618362.16894524,4618362.16894524
2013,33,2,1500000,2309181.08447262,1154590.54223631
2013,35,1,2900000,4464416.76331373,4464416.76331373
2013,30,1,2850000,4387444.06049797,4387444.06049797
2013,33,1,2800000,4310471.35768222,4310471.35768222
2013,37,1,2750000,4233498.65486647,4233498.65486647
2013,41,1,2750000,4233498.65486647,4233498.65486647
2013,35,1,2750000,4233498.65486647,4233498.65486647
2013,31,1,2450000,3771662.43797194,3771662.43797194
2013,35,1,2301887,3543649.27932895,3543649.27932895
2013,35,1,2250000,3463771.62670893,3463771.62670893
2013,31,1,2e+06,3078908.11263016,3078908.11263016
2013,36,1,2e+06,3078908.11263016,3078908.11263016
2013,29,1,2e+06,3078908.11263016,3078908.11263016
2013,33,1,2e+06,3078908.11263016,3078908.11263016
2013,36,1,1750000,2694044.59855139,2694044.59855139
2013,29,1,1750000,2694044.59855139,2694044.59855139
2013,32,1,1750000,2694044.59855139,2694044.59855139
2013,35,1,1600000,2463126.49010413,2463126.49010413
2013,32,1,1500000,2309181.08447262,2309181.08447262
2013,31,1,1500000,2309181.08447262,2309181.08447262
2013,33,1,1500000,2309181.08447262,2309181.08447262
2013,35,1,1500000,2309181.08447262,2309181.08447262
2013,36,1,1450000,2232208.38165686,2232208.38165686
2013,30,1,1375000,2116749.32743323,2116749.32743323
2013,35,1,1350000,2078262.97602536,2078262.97602536
2013,37,1,1350000,2078262.97602536,2078262.97602536
2013,36,1,1250000,1924317.57039385,1924317.57039385
2013,37,1,1250000,1924317.57039385,1924317.57039385
2013,40,1,1250000,1924317.57039385,1924317.57039385
2013,30,1,1150000,1770372.16476234,1770372.16476234
2013,34,1,1e+06,1539454.05631508,1539454.05631508
2013,35,1,1e+06,1539454.05631508,1539454.05631508
2013,34,1,1e+06,1539454.05631508,1539454.05631508
2013,41,1,1e+06,1539454.05631508,1539454.05631508
2013,29,1,1e+06,1539454.05631508,1539454.05631508
2013,38,1,1e+06,1539454.05631508,1539454.05631508
2013,38,1,775000,1193076.89364419,1193076.89364419
2013,42,1,750000,1154590.54223631,1154590.54223631
2013,33,1,750000,1154590.54223631,1154590.54223631
2013,27,1,750000,1154590.54223631,1154590.54223631
2013,30,1,750000,1154590.54223631,1154590.54223631
2013,41,1,750000,1154590.54223631,1154590.54223631
2013,35,1,7e+05,1077617.83942055,1077617.83942055
2013,33,1,7e+05,1077617.83942055,1077617.83942055
2013,30,1,7e+05,1077617.83942055,1077617.83942055
2013,30,1,7e+05,1077617.83942055,1077617.83942055
2013,31,1,520000,800516.109283841,800516.109283841
2013,37,0,NA,NA,NA
2013,42,0,NA,NA,NA
2013,39,0,NA,NA,NA
2013,29,0,NA,NA,NA
2013,35,0,NA,NA,NA
2013,34,0,NA,NA,NA
2013,35,0,NA,NA,NA
2013,36,0,NA,NA,NA
2013,36,0,NA,NA,NA
2013,33,0,NA,NA,NA
2013,40,1,NA,NA,NA
2013,30,0,NA,NA,NA
2013,32,0,NA,NA,NA
2013,34,0,NA,NA,NA
2013,34,0,NA,NA,NA
2013,35,0,NA,NA,NA
2013,36,0,NA,NA,NA
2013,31,0,NA,NA,NA
2013,34,0,NA,NA,NA
2013,31,0,NA,NA,NA
2013,36,0,NA,NA,NA
2013,32,0,NA,NA,NA
2013,37,0,NA,NA,NA
2013,33,0,NA,NA,NA
2013,34,0,NA,NA,NA
2013,32,0,NA,NA,NA
2013,NA,NA,NA,NA,NA
2013,29,NA,NA,NA,NA
2013,36,NA,NA,NA,NA
2013,43,NA,NA,NA,NA
2013,35,NA,NA,NA,NA
2013,NA,NA,NA,NA,NA
2013,NA,NA,NA,NA,NA
2013,39,NA,NA,NA,NA
2013,31,NA,NA,NA,NA
2013,39,NA,NA,NA,NA
2013,32,NA,NA,NA,NA
2013,37,NA,NA,NA,NA
2013,35,NA,NA,NA,NA
2013,36,NA,NA,NA,NA
2013,40,NA,NA,NA,NA
2013,34,NA,NA,NA,NA
2013,41,NA,NA,NA,NA
2013,37,NA,NA,NA,NA
2013,37,NA,NA,NA,NA
2013,38,NA,NA,NA,NA
2013,39,NA,NA,NA,NA
2013,37,NA,NA,NA,NA
2013,35,NA,NA,NA,NA
2013,37,NA,NA,NA,NA
2013,38,NA,NA,NA,NA
2013,35,NA,NA,NA,NA
2013,36,NA,NA,NA,NA
2013,34,NA,NA,NA,NA
2013,30,NA,NA,NA,NA
2013,33,NA,NA,NA,NA
2013,42,NA,NA,NA,NA
2013,37,NA,NA,NA,NA
2013,46,NA,NA,NA,NA
2013,36,NA,NA,NA,NA
2012,32,10,2.4e+07,38424773.2456244,3842477.32456244
2012,28,9,23777777,38068987.0629176,4229887.45143529
2012,29,6,17666666,28284901.4606742,4714150.2434457
2012,31,5,15500000,24815999.3877991,4963199.87755981
2012,33,4,14500000,23214967.1692314,5803741.79230785
2012,31,4,12500014,20012925.1465471,5003231.28663677
2012,33,3,12666666,20279740.3678358,6759913.45594527
2012,34,3,1.2e+07,19212386.6228122,6404128.87427073
2012,33,3,10500000,16810838.2949607,5603612.76498688
2012,34,3,9e+06,14409289.9671091,4803096.65570304
2012,35,2,1.3e+07,20813418.8413799,10406709.4206899
2012,33,3,7e+06,11207225.5299738,3735741.84332459
2012,30,2,7750000,12407999.6938995,6203999.84694977
2012,36,1,14575000,23335044.585624,23335044.585624
2012,37,2,7250000,11607483.5846157,5803741.79230785
2012,32,2,7e+06,11207225.5299738,5603612.76498689
2012,34,2,7e+06,11207225.5299738,5603612.76498689
2012,34,2,6e+06,9606193.31140609,4803096.65570304
2012,32,2,6e+06,9606193.31140609,4803096.65570304
2012,28,1,1.1e+07,17611354.4042445,17611354.4042445
2012,30,2,5500000,8805677.20212225,4402838.60106112
2012,33,2,5250000,8405419.14748033,4202709.57374016
2012,37,1,1e+07,16010322.1856768,16010322.1856768
2012,32,2,5e+06,8005161.09283841,4002580.5464192
2012,33,2,5e+06,8005161.09283841,4002580.5464192
2012,35,2,4500000,7204644.98355457,3602322.49177728
2012,35,2,4375000,7004515.95623361,3502257.9781168
2012,31,1,8500000,13608773.8578253,13608773.8578253
2012,30,1,8e+06,12808257.7485415,12808257.7485415
2012,34,1,7250000,11607483.5846157,11607483.5846157
2012,38,2,3250000,5203354.71034496,2601677.35517248
2012,36,2,3200000,5123303.09941658,2561651.54970829
2012,30,1,6375000,10206580.393369,10206580.393369
2012,36,2,3e+06,4803096.65570304,2401548.32785152
2012,29,1,5e+06,8005161.09283841,8005161.09283841
2012,30,1,4750000,7604903.03819649,7604903.03819649
2012,28,1,4750000,7604903.03819649,7604903.03819649
2012,33,1,4500000,7204644.98355457,7204644.98355457
2012,33,1,4500000,7204644.98355457,7204644.98355457
2012,37,1,4500000,7204644.98355457,7204644.98355457
2012,35,1,4250000,6804386.92891265,6804386.92891265
2012,32,2,2100000,3362167.65899213,1681083.82949607
2012,28,1,4e+06,6404128.87427073,6404128.87427073
2012,35,1,4e+06,6404128.87427073,6404128.87427073
2012,36,1,4e+06,6404128.87427073,6404128.87427073
2012,41,1,4e+06,6404128.87427073,6404128.87427073
2012,32,1,4e+06,6404128.87427073,6404128.87427073
2012,34,2,1900000,3041961.21527859,1520980.6076393
2012,38,1,3500000,5603612.76498689,5603612.76498689
2012,33,1,3500000,5603612.76498689,5603612.76498689
2012,30,2,1625000,2601677.35517248,1300838.67758624
2012,39,1,3e+06,4803096.65570304,4803096.65570304
2012,37,1,3e+06,4803096.65570304,4803096.65570304
2012,31,1,3e+06,4803096.65570304,4803096.65570304
2012,35,1,3e+06,4803096.65570304,4803096.65570304
2012,29,1,3e+06,4803096.65570304,4803096.65570304
2012,31,1,3e+06,4803096.65570304,4803096.65570304
2012,33,1,3e+06,4803096.65570304,4803096.65570304
2012,34,2,1500000,2401548.32785152,1200774.16392576
2012,33,2,1500000,2401548.32785152,1200774.16392576
2012,33,1,2500000,4002580.5464192,4002580.5464192
2012,31,1,2500000,4002580.5464192,4002580.5464192
2012,38,1,2e+06,3202064.43713536,3202064.43713536
2012,30,1,2e+06,3202064.43713536,3202064.43713536
2012,35,1,2e+06,3202064.43713536,3202064.43713536
2012,39,1,2e+06,3202064.43713536,3202064.43713536
2012,35,1,2e+06,3202064.43713536,3202064.43713536
2012,37,1,1800000,2881857.99342183,2881857.99342183
2012,42,1,1750000,2801806.38249344,2801806.38249344
2012,30,1,1750000,2801806.38249344,2801806.38249344
2012,40,1,1500000,2401548.32785152,2401548.32785152
2012,34,1,1500000,2401548.32785152,2401548.32785152
2012,32,1,1350000,2161393.49506637,2161393.49506637
2012,31,1,1300000,2081341.88413799,2081341.88413799
2012,41,1,1250000,2001290.2732096,2001290.2732096
2012,36,1,1250000,2001290.2732096,2001290.2732096
2012,35,1,1150000,1841187.05135283,1841187.05135283
2012,29,1,1150000,1841187.05135283,1841187.05135283
2012,33,1,1150000,1841187.05135283,1841187.05135283
2012,40,1,1100000,1761135.44042445,1761135.44042445
2012,35,1,1100000,1761135.44042445,1761135.44042445
2012,35,1,1e+06,1601032.21856768,1601032.21856768
2012,34,1,1e+06,1601032.21856768,1601032.21856768
2012,35,1,1e+06,1601032.21856768,1601032.21856768
2012,32,1,1e+06,1601032.21856768,1601032.21856768
2012,35,1,1e+06,1601032.21856768,1601032.21856768
2012,36,1,1e+06,1601032.21856768,1601032.21856768
2012,31,1,1e+06,1601032.21856768,1601032.21856768
2012,38,1,1e+06,1601032.21856768,1601032.21856768
2012,35,1,1e+06,1601032.21856768,1601032.21856768
2012,34,1,925000,1480954.80217511,1480954.80217511
2012,34,1,9e+05,1440928.99671091,1440928.99671091
2012,27,1,850000,1360877.38578253,1360877.38578253
2012,30,1,850000,1360877.38578253,1360877.38578253
2012,36,1,8e+05,1280825.77485415,1280825.77485415
2012,35,1,8e+05,1280825.77485415,1280825.77485415
2012,37,1,8e+05,1280825.77485415,1280825.77485415
2012,31,1,750000,1200774.16392576,1200774.16392576
2012,36,1,750000,1200774.16392576,1200774.16392576
2012,36,1,750000,1200774.16392576,1200774.16392576
2012,26,1,5e+05,800516.109283841,800516.109283841
2012,32,0,NA,NA,NA
2012,34,0,NA,NA,NA
2012,41,0,NA,NA,NA
2012,36,0,NA,NA,NA
2012,33,0,NA,NA,NA
2012,36,0,NA,NA,NA
2012,33,0,NA,NA,NA
2012,38,0,NA,NA,NA
2012,29,0,NA,NA,NA
2012,34,0,NA,NA,NA
2012,31,0,NA,NA,NA
2012,32,0,NA,NA,NA
2012,34,0,NA,NA,NA
2012,33,0,NA,NA,NA
2012,36,0,NA,NA,NA
2012,32,0,NA,NA,NA
2012,34,0,NA,NA,NA
2012,33,0,NA,NA,NA
2012,37,0,NA,NA,NA
2012,39,0,NA,NA,NA
2012,32,0,NA,NA,NA
2012,30,0,NA,NA,NA
2012,35,0,NA,NA,NA
2012,28,0,NA,NA,NA
2012,36,0,NA,NA,NA
2012,38,0,NA,NA,NA
2012,36,0,NA,NA,NA
2012,39,0,NA,NA,NA
2012,37,0,NA,NA,NA
2012,33,0,NA,NA,NA
2012,39,0,NA,NA,NA
2012,34,0,NA,NA,NA
2012,34,0,NA,NA,NA
2012,32,0,NA,NA,NA
2012,34,0,NA,NA,NA
2012,33,0,NA,NA,NA
2012,45,0,NA,NA,NA
2012,34,0,NA,NA,NA
2012,37,0,NA,NA,NA
2012,33,0,NA,NA,NA
2012,NA,NA,NA,NA,NA
2012,30,NA,NA,NA,NA
2012,34,NA,NA,NA,NA
2012,NA,NA,NA,NA,NA
2012,NA,NA,NA,NA,NA
2012,35,NA,NA,NA,NA
2012,37,NA,NA,NA,NA
2012,36,NA,NA,NA,NA
2012,41,NA,NA,NA,NA
2012,36,NA,NA,NA,NA
2012,36,NA,NA,NA,NA
2012,37,NA,NA,NA,NA
2012,30,NA,NA,NA,NA
2012,38,NA,NA,NA,NA
2012,36,NA,NA,NA,NA
2012,37,NA,NA,NA,NA
2012,35,NA,NA,NA,NA
2012,31,NA,NA,NA,NA
2012,38,NA,NA,NA,NA
2012,40,NA,NA,NA,NA
2012,32,NA,NA,NA,NA
2012,35,NA,NA,NA,NA
2012,42,NA,NA,NA,NA
2012,40,NA,NA,NA,NA
2012,40,NA,NA,NA,NA
2012,35,NA,NA,NA,NA
2012,45,NA,NA,NA,NA
2012,33,NA,NA,NA,NA
