﻿Consumer Price Index for All Urban Consumers (CPI-U),,,,,,,,,,,,,,,
Original Data Value,,,,,,,,,,,,,,,
,,,,,,,,,,,,,,,
Series Id:,CUSR0000SA0,,,,,,,,,,,,,,
Seasonally Adjusted,,,,,,,,,,,,,,,
Series Title:,"All items in U.S. city average, all urban consumers, seasonally adjusted",,,,,,,,,,,,,,
Area:,U.S. city average,,,,,,,,,,,,,,
Item:,All items,,,,,,,,,,,,,,
Base Period:,1982-84=100,,,,,,,,,,,,,,
Years:,2024 to 2025,,,,,,,,,,,,,,
,,,,,,,,,,,,,,,
Year,Jan,Feb,Mar,Apr,May,Jun,Jul,Aug,Sep,Oct,Nov,Dec,Annual,HALF1,HALF2
2024,309.794,311.022,312.107,313.016,313.140,313.131,313.566,314.131,314.851,315.564,316.449,317.603,,,
2025,319.086,319.775,319.615,320.321,320.580,321.500,322.132,323.364,,,,,,,
